CREATE TABLE [Directions] ([direction_id] [int] IDENTITY(1,1) NOT NULL, [name] [varchar](50) NOT NULL, PRIMARY KEY ([direction_id]));
CREATE TABLE [Events] ([event_id] [int] IDENTITY(1,1) NOT NULL, [location_id] [int] NOT NULL, [name] [varchar](50) NOT NULL, [start] [datetime] NOT NULL, [end] [datetime] NOT NULL, [price] [decimal](18, 2) NOT NULL, [discount_percent] [int] NOT NULL, PRIMARY KEY ([event_id]));
CREATE TABLE [Gaps] ([gap_id] [int] IDENTITY(1,1) NOT NULL, [location_id] [int] NOT NULL, [position] [int] NOT NULL, [direction_id] [int] NOT NULL, PRIMARY KEY ([gap_id]));
CREATE TABLE [Locations] ([location_id] [int] IDENTITY(1,1) NOT NULL, [name] [varchar](50) NOT NULL, [rows] [int] NOT NULL, [seats_per_row] [int] NOT NULL, PRIMARY KEY ([location_id]));
CREATE TABLE [UnavailableSeats] ([unavailable_seat_id] [int] IDENTITY(1,1) NOT NULL, [location_id] [int] NOT NULL, [row] [int] NOT NULL, [seat] [int] NOT NULL, PRIMARY KEY ([unavailable_seat_id]));
SET IDENTITY_INSERT [Directions] ON;
INSERT INTO [Directions] ([direction_id], [name]) VALUES (1, 'Horizontal');
INSERT INTO [Directions] ([direction_id], [name]) VALUES (2, 'Vertical');
SET IDENTITY_INSERT [Directions] OFF;
SET IDENTITY_INSERT [Events] ON;
INSERT INTO [Events] ([event_id], [location_id], [name], [start], [end], [price], [discount_percent]) VALUES (1, 4, 'Yoga in the Park', CAST('2024-08-01T07:00:00.000' AS [DateTime]), CAST('2024-08-01T08:30:00.000' AS [DateTime]), CAST(8.00 AS [Decimal](18, 2)), 50);
INSERT INTO [Events] ([event_id], [location_id], [name], [start], [end], [price], [discount_percent]) VALUES (2, 2, 'Painting Workshop', CAST('2024-07-27T12:00:00.000' AS [DateTime]), CAST('2024-07-27T15:00:00.000' AS [DateTime]), CAST(30.00 AS [Decimal](18, 2)), 10);
INSERT INTO [Events] ([event_id], [location_id], [name], [start], [end], [price], [discount_percent]) VALUES (3, 4, 'Photography Walk', CAST('2024-07-23T09:00:00.000' AS [DateTime]), CAST('2024-07-23T11:00:00.000' AS [DateTime]), CAST(30.00 AS [Decimal](18, 2)), 25);
INSERT INTO [Events] ([event_id], [location_id], [name], [start], [end], [price], [discount_percent]) VALUES (4, 1, 'Dance Class: Salsa', CAST('2024-07-21T17:00:00.000' AS [DateTime]), CAST('2024-07-21T18:30:00.000' AS [DateTime]), CAST(8.00 AS [Decimal](18, 2)), 20);
INSERT INTO [Events] ([event_id], [location_id], [name], [start], [end], [price], [discount_percent]) VALUES (5, 1, 'Trivia Night', CAST('2024-07-28T17:30:00.000' AS [DateTime]), CAST('2024-07-28T19:30:00.000' AS [DateTime]), CAST(8.00 AS [Decimal](18, 2)), 5);
INSERT INTO [Events] ([event_id], [location_id], [name], [start], [end], [price], [discount_percent]) VALUES (6, 2, 'Movie Screening: Classic Films', CAST('2024-08-01T16:00:00.000' AS [DateTime]), CAST('2024-08-01T19:00:00.000' AS [DateTime]), CAST(6.00 AS [Decimal](18, 2)), 50);
INSERT INTO [Events] ([event_id], [location_id], [name], [start], [end], [price], [discount_percent]) VALUES (7, 2, 'Karaoke Night', CAST('2024-08-03T18:30:00.000' AS [DateTime]), CAST('2024-08-03T21:30:00.000' AS [DateTime]), CAST(30.00 AS [Decimal](18, 2)), 50);
INSERT INTO [Events] ([event_id], [location_id], [name], [start], [end], [price], [discount_percent]) VALUES (8, 1, 'Dog Training Workshop', CAST('2024-07-31T11:00:00.000' AS [DateTime]), CAST('2024-07-31T13:00:00.000' AS [DateTime]), CAST(8.00 AS [Decimal](18, 2)), 50);
INSERT INTO [Events] ([event_id], [location_id], [name], [start], [end], [price], [discount_percent]) VALUES (9, 3, 'Stand-up Comedy Show', CAST('2024-08-01T17:00:00.000' AS [DateTime]), CAST('2024-08-01T19:30:00.000' AS [DateTime]), CAST(10.00 AS [Decimal](18, 2)), 20);
INSERT INTO [Events] ([event_id], [location_id], [name], [start], [end], [price], [discount_percent]) VALUES (10, 2, 'Chess Tournament', CAST('2024-07-28T10:00:00.000' AS [DateTime]), CAST('2024-07-28T14:00:00.000' AS [DateTime]), CAST(6.00 AS [Decimal](18, 2)), 20);
INSERT INTO [Events] ([event_id], [location_id], [name], [start], [end], [price], [discount_percent]) VALUES (11, 1, 'Fashion Design Workshop', CAST('2024-07-27T12:00:00.000' AS [DateTime]), CAST('2024-07-27T14:30:00.000' AS [DateTime]), CAST(30.00 AS [Decimal](18, 2)), 20);
INSERT INTO [Events] ([event_id], [location_id], [name], [start], [end], [price], [discount_percent]) VALUES (12, 3, 'Cooking Demonstration: Vegan Recipes', CAST('2024-07-27T15:30:00.000' AS [DateTime]), CAST('2024-07-27T17:30:00.000' AS [DateTime]), CAST(6.00 AS [Decimal](18, 2)), 5);
INSERT INTO [Events] ([event_id], [location_id], [name], [start], [end], [price], [discount_percent]) VALUES (13, 4, 'Art Exhibition Opening', CAST('2024-07-19T16:00:00.000' AS [DateTime]), CAST('2024-07-19T18:30:00.000' AS [DateTime]), CAST(30.00 AS [Decimal](18, 2)), 5);
INSERT INTO [Events] ([event_id], [location_id], [name], [start], [end], [price], [discount_percent]) VALUES (14, 2, 'Language Exchange Meetup', CAST('2024-07-20T17:00:00.000' AS [DateTime]), CAST('2024-07-20T19:00:00.000' AS [DateTime]), CAST(20.00 AS [Decimal](18, 2)), 20);
INSERT INTO [Events] ([event_id], [location_id], [name], [start], [end], [price], [discount_percent]) VALUES (15, 1, 'Film Discussion: Independent Cinema', CAST('2024-07-19T16:30:00.000' AS [DateTime]), CAST('2024-07-19T18:00:00.000' AS [DateTime]), CAST(6.00 AS [Decimal](18, 2)), 25);
SET IDENTITY_INSERT [Events] OFF;
SET IDENTITY_INSERT [Gaps] ON;
INSERT INTO [Gaps] ([gap_id], [location_id], [position], [direction_id]) VALUES (1, 1, 2, 1);
INSERT INTO [Gaps] ([gap_id], [location_id], [position], [direction_id]) VALUES (2, 2, 2, 2);
INSERT INTO [Gaps] ([gap_id], [location_id], [position], [direction_id]) VALUES (3, 3, 4, 2);
INSERT INTO [Gaps] ([gap_id], [location_id], [position], [direction_id]) VALUES (4, 4, 1, 1);
SET IDENTITY_INSERT [Gaps] OFF;
SET IDENTITY_INSERT [Locations] ON;
INSERT INTO [Locations] ([location_id], [name], [rows], [seats_per_row]) VALUES (1, 'Enchanted Gardens', 3, 6);
INSERT INTO [Locations] ([location_id], [name], [rows], [seats_per_row]) VALUES (2, 'Seaside Pavilion', 3, 9);
INSERT INTO [Locations] ([location_id], [name], [rows], [seats_per_row]) VALUES (3, 'Castle Courtyard', 7, 9);
INSERT INTO [Locations] ([location_id], [name], [rows], [seats_per_row]) VALUES (4, 'Forest Retreat Lodge', 5, 8);
SET IDENTITY_INSERT [Locations] OFF;
SET IDENTITY_INSERT [UnavailableSeats] ON;
INSERT INTO [UnavailableSeats] ([unavailable_seat_id], [location_id], [row], [seat]) VALUES (1, 1, 3, 6);
INSERT INTO [UnavailableSeats] ([unavailable_seat_id], [location_id], [row], [seat]) VALUES (2, 1, 1, 6);
INSERT INTO [UnavailableSeats] ([unavailable_seat_id], [location_id], [row], [seat]) VALUES (3, 1, 2, 5);
INSERT INTO [UnavailableSeats] ([unavailable_seat_id], [location_id], [row], [seat]) VALUES (4, 2, 1, 3);
INSERT INTO [UnavailableSeats] ([unavailable_seat_id], [location_id], [row], [seat]) VALUES (5, 2, 3, 2);
INSERT INTO [UnavailableSeats] ([unavailable_seat_id], [location_id], [row], [seat]) VALUES (6, 2, 1, 2);
INSERT INTO [UnavailableSeats] ([unavailable_seat_id], [location_id], [row], [seat]) VALUES (7, 2, 1, 1);
INSERT INTO [UnavailableSeats] ([unavailable_seat_id], [location_id], [row], [seat]) VALUES (8, 3, 1, 1);
INSERT INTO [UnavailableSeats] ([unavailable_seat_id], [location_id], [row], [seat]) VALUES (9, 3, 5, 7);
INSERT INTO [UnavailableSeats] ([unavailable_seat_id], [location_id], [row], [seat]) VALUES (10, 3, 1, 3);
INSERT INTO [UnavailableSeats] ([unavailable_seat_id], [location_id], [row], [seat]) VALUES (11, 3, 6, 8);
INSERT INTO [UnavailableSeats] ([unavailable_seat_id], [location_id], [row], [seat]) VALUES (12, 3, 2, 2);
INSERT INTO [UnavailableSeats] ([unavailable_seat_id], [location_id], [row], [seat]) VALUES (13, 3, 2, 4);
INSERT INTO [UnavailableSeats] ([unavailable_seat_id], [location_id], [row], [seat]) VALUES (14, 3, 4, 5);
INSERT INTO [UnavailableSeats] ([unavailable_seat_id], [location_id], [row], [seat]) VALUES (15, 4, 2, 5);
INSERT INTO [UnavailableSeats] ([unavailable_seat_id], [location_id], [row], [seat]) VALUES (16, 4, 2, 8);
INSERT INTO [UnavailableSeats] ([unavailable_seat_id], [location_id], [row], [seat]) VALUES (17, 4, 5, 1);
INSERT INTO [UnavailableSeats] ([unavailable_seat_id], [location_id], [row], [seat]) VALUES (18, 4, 3, 1);
INSERT INTO [UnavailableSeats] ([unavailable_seat_id], [location_id], [row], [seat]) VALUES (19, 4, 1, 1);
INSERT INTO [UnavailableSeats] ([unavailable_seat_id], [location_id], [row], [seat]) VALUES (20, 4, 4, 6);
SET IDENTITY_INSERT [UnavailableSeats] OFF;
ALTER TABLE [Events] ADD FOREIGN KEY ([location_id]) REFERENCES [Locations]([location_id]);
ALTER TABLE [Gaps] ADD FOREIGN KEY ([direction_id]) REFERENCES [Directions]([direction_id]);
ALTER TABLE [Gaps] ADD FOREIGN KEY ([location_id]) REFERENCES [Locations]([location_id]);
ALTER TABLE [UnavailableSeats] ADD FOREIGN KEY ([location_id]) REFERENCES [Locations]([location_id]);
