INSERT INTO `EventGroups` (`Id`, `Name`) VALUES ('07ae2e8f-052e-4422-be8f-87a63781e998', 'Social Gatherings');
INSERT INTO `EventGroups` (`Id`, `Name`) VALUES ('148c69ab-219a-4402-b7f2-08bd7254bb47', 'Wellness Activities');
INSERT INTO `EventGroups` (`Id`, `Name`) VALUES ('18330a2a-26ab-41fd-8f3a-e7d71119e6c8', 'Entertainment and Leisure');
INSERT INTO `EventGroups` (`Id`, `Name`) VALUES ('461ea0f2-d94b-4b4d-a941-811af54805c2', 'Arts and Crafts Workshops');
INSERT INTO `EventGroups` (`Id`, `Name`) VALUES ('4c1691f5-7a1c-4207-a64a-31477f423149', 'Learning and Skill Development');
INSERT INTO `EventGroups` (`Id`, `Name`) VALUES ('c40b615e-c98f-4017-8f5f-498d70078e93', 'Competitions and Tournaments');
INSERT INTO `Locations` (`Id`, `Name`, `Location`, `MaxVisitors`, `Description`) VALUES ('0050f0e9-36ba-44e0-a996-8815f277f94a', 'Vineyard Terrace', 'Mecklenburg Lake District', 60, 'Set amidst rolling hills and vineyards, this charming terrace offers a scenic backdrop for small events. Guests can savor local wines while enjoying panoramic views of the countryside.');
INSERT INTO `Locations` (`Id`, `Name`, `Location`, `MaxVisitors`, `Description`) VALUES ('0dd8e638-deca-430f-a7b9-6908d408bc69', 'Forest Retreat Lodge', 'Müritz National Park', 50, 'Nestled in the heart of Müritz National Park, this rustic lodge offers a tranquil escape for small events. Surrounded by pristine forests and wildlife, it''s ideal for nature-themed gatherings.');
INSERT INTO `Locations` (`Id`, `Name`, `Location`, `MaxVisitors`, `Description`) VALUES ('24de9b48-8eac-41df-b257-12b5f131c85b', 'Lakeview Pavilion', 'Müritz National Park', 70, 'Perched on the shores of a tranquil lake in Müritz National Park, this pavilion offers stunning views and a peaceful atmosphere for small events. Guests can enjoy the beauty of nature while celebrating special occasions.');
INSERT INTO `Locations` (`Id`, `Name`, `Location`, `MaxVisitors`, `Description`) VALUES ('2e3abf0c-0eb1-4f82-aba6-c01eff5410d5', 'Rural Farmhouse', 'Feldberger Seenlandschaft', 40, 'Experience the charm of rural Mecklenburg-Vorpommern at this quaint farmhouse nestled in the Feldberger Seenlandschaft. Surrounded by meadows and forests, it provides a cozy setting for intimate gatherings and country-themed events.');
INSERT INTO `Locations` (`Id`, `Name`, `Location`, `MaxVisitors`, `Description`) VALUES ('2e7fb52d-b22d-4b2e-8ae4-896941aa23c1', 'Town Hall Courtyard', 'Neustrelitz', 120, 'Located in the heart of Neustrelitz, the town hall courtyard offers a historic backdrop for small events. With its elegant architecture and central location, it''s an ideal venue for cultural festivities and community gatherings.');
INSERT INTO `Locations` (`Id`, `Name`, `Location`, `MaxVisitors`, `Description`) VALUES ('31e4875e-8a26-412b-bc71-d4d6f7a159db', 'Castle Courtyard', 'Schwerin', 150, 'Host your event in the historic courtyard of Schwerin Castle, surrounded by centuries-old architecture and a sense of grandeur. Perfect for cultural gatherings and elegant affairs.');
INSERT INTO `Locations` (`Id`, `Name`, `Location`, `MaxVisitors`, `Description`) VALUES ('3e204e00-5610-4bff-a5fb-f72237d1c153', 'Vineyard Terrace', 'Mecklenburg Lake District', 60, 'Set amidst rolling hills and vineyards, this charming terrace offers a scenic backdrop for small events. Guests can savor local wines while enjoying panoramic views of the countryside.');
INSERT INTO `Locations` (`Id`, `Name`, `Location`, `MaxVisitors`, `Description`) VALUES ('3ea4ad88-3e16-4bf2-952f-d813d8693178', 'Lakeside Lodge', 'Tollensesee', 60, 'Enjoy panoramic views of Tollensesee from this charming lakeside lodge near Neubrandenburg. With its cozy atmosphere and scenic surroundings, it offers a relaxing setting for small events, such as family reunions and corporate retreats.');
INSERT INTO `Locations` (`Id`, `Name`, `Location`, `MaxVisitors`, `Description`) VALUES ('438353b1-9664-4d0e-b34f-8c419bd017ca', 'Historic Manor House', 'Usedom Island', 120, 'Step back in time and host your event in this beautifully preserved manor house on Usedom Island. With elegant interiors and sprawling gardens, it exudes old-world charm and sophistication.');
INSERT INTO `Locations` (`Id`, `Name`, `Location`, `MaxVisitors`, `Description`) VALUES ('45425d69-caa2-47a4-8efd-a1fd7b1f42c8', 'Enchanted Gardens', 'Schwerin', 100, 'A magical garden venue perfect for intimate gatherings and outdoor events. Surrounded by lush greenery and enchanting flowers, it provides a serene atmosphere for your event.');
INSERT INTO `Locations` (`Id`, `Name`, `Location`, `MaxVisitors`, `Description`) VALUES ('45a8c8b6-d159-4b95-b671-6d99754b8207', 'Forest Cabin Retreat', 'Neubrandenburg Heath', 50, 'Escape to the tranquility of Neubrandenburg Heath and host your event at this secluded forest cabin retreat. Surrounded by towering trees and wildlife, it''s the perfect spot for outdoor adventures and rustic celebrations.');
INSERT INTO `Locations` (`Id`, `Name`, `Location`, `MaxVisitors`, `Description`) VALUES ('4949a467-f1ea-4ee7-ad73-c330b60ea5b4', 'Historic Manor House', 'Usedom Island', 120, 'Step back in time and host your event in this beautifully preserved manor house on Usedom Island. With elegant interiors and sprawling gardens, it exudes old-world charm and sophistication.');
INSERT INTO `Locations` (`Id`, `Name`, `Location`, `MaxVisitors`, `Description`) VALUES ('60537ef3-841b-4cd4-876a-2e981819b68d', 'Riverside Cabin', 'Peene Valley', 30, 'Located along the banks of the Peene River, this cozy cabin provides an intimate setting for small events. Guests can enjoy fishing, kayaking, and serene views of the river.');
INSERT INTO `Locations` (`Id`, `Name`, `Location`, `MaxVisitors`, `Description`) VALUES ('61134c10-2069-43d3-986e-a08c2122ba93', 'Seaside Pavilion', 'Warnemünde', 80, 'Overlooking the Baltic Sea, this charming seaside pavilion offers a picturesque setting for small events. Guests can enjoy stunning ocean views and fresh sea breeze.');
INSERT INTO `Locations` (`Id`, `Name`, `Location`, `MaxVisitors`, `Description`) VALUES ('641b8f49-3cf7-4da5-8c96-f38d50e114af', 'Lakeview Pavilion', 'Müritz National Park', 70, 'Perched on the shores of a tranquil lake in Müritz National Park, this pavilion offers stunning views and a peaceful atmosphere for small events. Guests can enjoy the beauty of nature while celebrating special occasions.');
INSERT INTO `Locations` (`Id`, `Name`, `Location`, `MaxVisitors`, `Description`) VALUES ('667b879c-bfc4-43bd-af34-27eb70ddb476', 'Art Gallery Loft', 'Rostock', 80, 'Host your event in this trendy loft space located in the vibrant city of Rostock. Adorned with contemporary artwork, it provides a chic setting for art exhibitions, receptions, and more.');
INSERT INTO `Locations` (`Id`, `Name`, `Location`, `MaxVisitors`, `Description`) VALUES ('7782192e-ca12-4ed3-9934-6f2c59ee07f0', 'Seaside Pavilion', 'Warnemünde', 80, 'Overlooking the Baltic Sea, this charming seaside pavilion offers a picturesque setting for small events. Guests can enjoy stunning ocean views and fresh sea breeze.');
INSERT INTO `Locations` (`Id`, `Name`, `Location`, `MaxVisitors`, `Description`) VALUES ('819a9b12-d9aa-4993-8f35-93ba28880d52', 'Town Hall Courtyard', 'Neustrelitz', 120, 'Located in the heart of Neustrelitz, the town hall courtyard offers a historic backdrop for small events. With its elegant architecture and central location, it''s an ideal venue for cultural festivities and community gatherings.');
INSERT INTO `Locations` (`Id`, `Name`, `Location`, `MaxVisitors`, `Description`) VALUES ('8784b4a9-09b7-47c3-90d1-3ba0c4c47991', 'Forest Retreat Lodge', 'Müritz National Park', 50, 'Nestled in the heart of Müritz National Park, this rustic lodge offers a tranquil escape for small events. Surrounded by pristine forests and wildlife, it''s ideal for nature-themed gatherings.');
INSERT INTO `Locations` (`Id`, `Name`, `Location`, `MaxVisitors`, `Description`) VALUES ('87c54c45-ba60-45ea-9d89-6469b798b6fe', 'Rural Farmhouse', 'Feldberger Seenlandschaft', 40, 'Experience the charm of rural Mecklenburg-Vorpommern at this quaint farmhouse nestled in the Feldberger Seenlandschaft. Surrounded by meadows and forests, it provides a cozy setting for intimate gatherings and country-themed events.');
INSERT INTO `Locations` (`Id`, `Name`, `Location`, `MaxVisitors`, `Description`) VALUES ('8800a6ed-b39f-449f-8d2c-90a9819a40b6', 'Castle Courtyard', 'Schwerin', 150, 'Host your event in the historic courtyard of Schwerin Castle, surrounded by centuries-old architecture and a sense of grandeur. Perfect for cultural gatherings and elegant affairs.');
INSERT INTO `Locations` (`Id`, `Name`, `Location`, `MaxVisitors`, `Description`) VALUES ('8e5c9cb8-c991-4dec-bab3-3a0f8a5a87a8', 'Lakeside Lodge', 'Tollensesee', 60, 'Enjoy panoramic views of Tollensesee from this charming lakeside lodge near Neubrandenburg. With its cozy atmosphere and scenic surroundings, it offers a relaxing setting for small events, such as family reunions and corporate retreats.');
INSERT INTO `Locations` (`Id`, `Name`, `Location`, `MaxVisitors`, `Description`) VALUES ('91555950-e91e-48b2-9b68-5a08f33d6c43', 'Coastal Lighthouse', 'Darßer Ort', 40, 'Perched atop a picturesque cliff, this historic lighthouse offers a unique venue for small events. Guests can marvel at breathtaking coastal views and explore the surrounding nature reserve.');
INSERT INTO `Locations` (`Id`, `Name`, `Location`, `MaxVisitors`, `Description`) VALUES ('9878fedf-d630-4c62-8efe-efa60209fb2a', 'Enchanted Gardens', 'Schwerin', 100, 'A magical garden venue perfect for intimate gatherings and outdoor events. Surrounded by lush greenery and enchanting flowers, it provides a serene atmosphere for your event.');
INSERT INTO `Locations` (`Id`, `Name`, `Location`, `MaxVisitors`, `Description`) VALUES ('c12e0315-c3f5-448a-b8ae-da4c58b4e24d', 'Lakeside Pavilion', 'Schwerin Lake', 50, 'Enjoy panoramic views of Schwerin Lake from this charming lakeside pavilion. Surrounded by nature, it offers a peaceful setting for small events, such as weddings and family gatherings.');
INSERT INTO `Locations` (`Id`, `Name`, `Location`, `MaxVisitors`, `Description`) VALUES ('c52624ba-330e-4475-8b46-4f67d75ed80f', 'Art Gallery Loft', 'Rostock', 80, 'Host your event in this trendy loft space located in the vibrant city of Rostock. Adorned with contemporary artwork, it provides a chic setting for art exhibitions, receptions, and more.');
INSERT INTO `Locations` (`Id`, `Name`, `Location`, `MaxVisitors`, `Description`) VALUES ('c737822a-3610-4b76-ba09-66581c16da06', 'Lakeside Pavilion', 'Schwerin Lake', 50, 'Enjoy panoramic views of Schwerin Lake from this charming lakeside pavilion. Surrounded by nature, it offers a peaceful setting for small events, such as weddings and family gatherings.');
INSERT INTO `Locations` (`Id`, `Name`, `Location`, `MaxVisitors`, `Description`) VALUES ('da49929b-8bd0-46ee-b48a-5be3ffd3c5ce', 'Riverside Cabin', 'Peene Valley', 30, 'Located along the banks of the Peene River, this cozy cabin provides an intimate setting for small events. Guests can enjoy fishing, kayaking, and serene views of the river.');
INSERT INTO `Locations` (`Id`, `Name`, `Location`, `MaxVisitors`, `Description`) VALUES ('f317dfc4-174c-4ad3-aecc-9540776e0ce6', 'Coastal Lighthouse', 'Darßer Ort', 40, 'Perched atop a picturesque cliff, this historic lighthouse offers a unique venue for small events. Guests can marvel at breathtaking coastal views and explore the surrounding nature reserve.');
INSERT INTO `Locations` (`Id`, `Name`, `Location`, `MaxVisitors`, `Description`) VALUES ('f33e98d9-4689-495a-bf4a-199fb238bd3f', 'Forest Cabin Retreat', 'Neubrandenburg Heath', 50, 'Escape to the tranquility of Neubrandenburg Heath and host your event at this secluded forest cabin retreat. Surrounded by towering trees and wildlife, it''s the perfect spot for outdoor adventures and rustic celebrations.');
INSERT INTO `Organizers` (`Id`, `Name`, `Address`) VALUES ('07c56eb9-a3aa-45f9-81b4-c250447c08ac', 'Starlight Productions GmbH', 'Am Mühlentor 19, 18439 Stralsund, Mecklenburg-Vorpommern, Germany');
INSERT INTO `Organizers` (`Id`, `Name`, `Address`) VALUES ('b73c22cc-6e0f-4e6a-8109-f2f3ccf132a6', 'EventHorizon Agency', 'Friedrichstraße 45, 19053 Schwerin, Mecklenburg-Vorpommern, Germany');
INSERT INTO `Organizers` (`Id`, `Name`, `Address`) VALUES ('c007ce5b-ab74-46c3-8e44-a9fec57dc53e', 'GalaWorks Event Management GmbH', 'Hansestraße 10, 18055 Rostock, Mecklenburg-Vorpommern, Germany');
INSERT INTO `Organizers` (`Id`, `Name`, `Address`) VALUES ('d7400aea-2782-4372-b5e5-c79fbff28111', 'DreamEvents GmbH', 'Strandpromenade 23, 17424 Heringsdorf, Mecklenburg-Vorpommern, Germany');
INSERT INTO `Events` (`Id`, `OrganizerId`, `LocationId`, `EventGroupId`, `Name`, `Description`, `StartsAt`, `Duration`, `BaseDemand`, `Cost`, `Hosts`) VALUES ('03d649e6-37fd-4d53-8ef0-c640170ed957', 'b73c22cc-6e0f-4e6a-8109-f2f3ccf132a6', 'c737822a-3610-4b76-ba09-66581c16da06', '07ae2e8f-052e-4422-be8f-87a63781e998', 'Book Club Meeting', 'Discussing the latest bestseller in a cozy atmosphere.', '2024-07-22T18:30:00.000', '02:00:00', 1.00, 100.00, '{
  "speakers": [
    "Moderator Jane Smith"
  ]
}');
INSERT INTO `Events` (`Id`, `OrganizerId`, `LocationId`, `EventGroupId`, `Name`, `Description`, `StartsAt`, `Duration`, `BaseDemand`, `Cost`, `Hosts`) VALUES ('0fd16861-5dd9-4b3f-ad43-4bf13d673e12', 'd7400aea-2782-4372-b5e5-c79fbff28111', '0dd8e638-deca-430f-a7b9-6908d408bc69', 'c40b615e-c98f-4017-8f5f-498d70078e93', 'Chess Tournament', 'Test your strategic skills in our chess tournament.', '2024-07-22T12:00:00.000', '04:00:00', 1.00, 320.00, '{
  "organizer": [
    "Chess Club"
  ]
}');
INSERT INTO `Events` (`Id`, `OrganizerId`, `LocationId`, `EventGroupId`, `Name`, `Description`, `StartsAt`, `Duration`, `BaseDemand`, `Cost`, `Hosts`) VALUES ('29c0ccd6-e430-4fa4-9df3-4c1085659869', 'c007ce5b-ab74-46c3-8e44-a9fec57dc53e', '8e5c9cb8-c991-4dec-bab3-3a0f8a5a87a8', '07ae2e8f-052e-4422-be8f-87a63781e998', 'Coffee and Conversations', 'A casual gathering for coffee lovers to discuss their favorite brews and techniques.', '2024-07-22T10:00:00.000', '01:00:00', 1.10, 200.00, '{
  "speakers": [
    "Coffee expert John Doe"
  ]
}');
INSERT INTO `Events` (`Id`, `OrganizerId`, `LocationId`, `EventGroupId`, `Name`, `Description`, `StartsAt`, `Duration`, `BaseDemand`, `Cost`, `Hosts`) VALUES ('34196687-0a7a-41d3-895a-f5f7fb4f8e62', 'c007ce5b-ab74-46c3-8e44-a9fec57dc53e', 'c52624ba-330e-4475-8b46-4f67d75ed80f', '07ae2e8f-052e-4422-be8f-87a63781e998', 'Trivia Night', 'Test your knowledge and have fun with friends at our trivia night.', '2024-07-22T19:30:00.000', '02:00:00', 1.20, 150.00, '{
  "host": [
    "Quizmaster Steve"
  ]
}');
INSERT INTO `Events` (`Id`, `OrganizerId`, `LocationId`, `EventGroupId`, `Name`, `Description`, `StartsAt`, `Duration`, `BaseDemand`, `Cost`, `Hosts`) VALUES ('369519b1-37cd-4c9e-a303-b212b286a9da', 'b73c22cc-6e0f-4e6a-8109-f2f3ccf132a6', '60537ef3-841b-4cd4-876a-2e981819b68d', '461ea0f2-d94b-4b4d-a941-811af54805c2', 'Calligraphy Workshop', 'Learn the art of beautiful handwriting with calligraphy pens.', '2024-08-05T11:00:00.000', '02:30:00', 1.40, 450.00, '{
  "instructor": [
    "Calligraphy artist Lisa Chang"
  ]
}');
INSERT INTO `Events` (`Id`, `OrganizerId`, `LocationId`, `EventGroupId`, `Name`, `Description`, `StartsAt`, `Duration`, `BaseDemand`, `Cost`, `Hosts`) VALUES ('3e4a6230-9af0-4041-bf52-ffa4f435d10c', 'b73c22cc-6e0f-4e6a-8109-f2f3ccf132a6', '819a9b12-d9aa-4993-8f35-93ba28880d52', '07ae2e8f-052e-4422-be8f-87a63781e998', 'Karaoke Night', 'Sing your heart out with friends at our karaoke party.', '2024-07-22T20:30:00.000', '03:00:00', 1.30, 200.00, '{
  "host": [
    "Karaoke DJ Kate"
  ]
}');
INSERT INTO `Events` (`Id`, `OrganizerId`, `LocationId`, `EventGroupId`, `Name`, `Description`, `StartsAt`, `Duration`, `BaseDemand`, `Cost`, `Hosts`) VALUES ('52f34f06-9ce2-4639-988d-383ebad475e8', 'd7400aea-2782-4372-b5e5-c79fbff28111', 'f317dfc4-174c-4ad3-aecc-9540776e0ce6', '18330a2a-26ab-41fd-8f3a-e7d71119e6c8', 'Stand-up Comedy Show', 'Laugh out loud with hilarious stand-up comedians.', '2024-07-20T19:00:00.000', '02:30:00', 1.30, 250.00, '{
  "comedians": [
    "Comedian Mike Johnson",
    "Comedian Sarah Lee"
  ]
}');
INSERT INTO `Events` (`Id`, `OrganizerId`, `LocationId`, `EventGroupId`, `Name`, `Description`, `StartsAt`, `Duration`, `BaseDemand`, `Cost`, `Hosts`) VALUES ('77db84c8-99f3-47ff-b6c4-5f87c2e88ef8', 'c007ce5b-ab74-46c3-8e44-a9fec57dc53e', '641b8f49-3cf7-4da5-8c96-f38d50e114af', '148c69ab-219a-4402-b7f2-08bd7254bb47', 'Yoga in the Park', 'Relaxing yoga session amidst nature.', '2024-07-25T09:00:00.000', '01:30:00', 1.20, 150.00, '{
  "instructor": [
    "Yoga teacher Sarah Johnson"
  ]
}');
INSERT INTO `Events` (`Id`, `OrganizerId`, `LocationId`, `EventGroupId`, `Name`, `Description`, `StartsAt`, `Duration`, `BaseDemand`, `Cost`, `Hosts`) VALUES ('7994678d-c5c0-418c-9763-504f6382e572', 'b73c22cc-6e0f-4e6a-8109-f2f3ccf132a6', '8800a6ed-b39f-449f-8d2c-90a9819a40b6', '07ae2e8f-052e-4422-be8f-87a63781e998', 'Language Exchange Meetup', 'Practice speaking different languages with language enthusiasts.', '2024-07-22T19:00:00.000', '02:00:00', 1.00, 100.00, '{
  "host": [
    "Language Exchange Club"
  ]
}');
INSERT INTO `Events` (`Id`, `OrganizerId`, `LocationId`, `EventGroupId`, `Name`, `Description`, `StartsAt`, `Duration`, `BaseDemand`, `Cost`, `Hosts`) VALUES ('7f78b1d0-dcb9-4807-bcc6-901d8113f481', '07c56eb9-a3aa-45f9-81b4-c250447c08ac', '45a8c8b6-d159-4b95-b671-6d99754b8207', '18330a2a-26ab-41fd-8f3a-e7d71119e6c8', 'Outdoor Movie Night', 'Watch movies under the stars with friends and family.', '2024-07-20T19:30:00.000', '03:00:00', 1.40, 350.00, '{
  "films": [
    "Jurassic Park",
    "The Avengers"
  ]
}');
INSERT INTO `Events` (`Id`, `OrganizerId`, `LocationId`, `EventGroupId`, `Name`, `Description`, `StartsAt`, `Duration`, `BaseDemand`, `Cost`, `Hosts`) VALUES ('8181d75d-c6c4-4473-ba80-8283650c6c49', 'b73c22cc-6e0f-4e6a-8109-f2f3ccf132a6', '819a9b12-d9aa-4993-8f35-93ba28880d52', '4c1691f5-7a1c-4207-a64a-31477f423149', 'Dog Training Workshop', 'Learn effective training techniques for your furry friends.', '2024-07-26T13:00:00.000', '02:00:00', 1.10, 220.00, '{
  "trainer": [
    "Dog trainer Max"
  ]
}');
INSERT INTO `Events` (`Id`, `OrganizerId`, `LocationId`, `EventGroupId`, `Name`, `Description`, `StartsAt`, `Duration`, `BaseDemand`, `Cost`, `Hosts`) VALUES ('88b008e5-92af-4a1f-a280-9e374bd65da0', 'd7400aea-2782-4372-b5e5-c79fbff28111', '8800a6ed-b39f-449f-8d2c-90a9819a40b6', '461ea0f2-d94b-4b4d-a941-811af54805c2', 'Painting Workshop', 'Learn basic painting techniques and create your masterpiece.', '2024-08-05T14:00:00.000', '03:00:00', 1.20, 360.00, '{
  "instructor": [
    "Artist Michael Brown"
  ]
}');
INSERT INTO `Events` (`Id`, `OrganizerId`, `LocationId`, `EventGroupId`, `Name`, `Description`, `StartsAt`, `Duration`, `BaseDemand`, `Cost`, `Hosts`) VALUES ('8c357fe8-5ae3-4b1e-b791-bc473218daf8', '07c56eb9-a3aa-45f9-81b4-c250447c08ac', '60537ef3-841b-4cd4-876a-2e981819b68d', '4c1691f5-7a1c-4207-a64a-31477f423149', 'Cooking Class: Italian Cuisine', 'Hands-on cooking experience with a focus on Italian dishes.', '2024-07-26T17:00:00.000', '02:30:00', 1.30, 350.00, '{
  "chef": [
    "Chef Maria Rossi"
  ]
}');
INSERT INTO `Events` (`Id`, `OrganizerId`, `LocationId`, `EventGroupId`, `Name`, `Description`, `StartsAt`, `Duration`, `BaseDemand`, `Cost`, `Hosts`) VALUES ('a312dcdb-67e7-4b95-9466-594aa570a97d', 'b73c22cc-6e0f-4e6a-8109-f2f3ccf132a6', 'c737822a-3610-4b76-ba09-66581c16da06', '18330a2a-26ab-41fd-8f3a-e7d71119e6c8', 'Live Music Night', 'Enjoy live performances by local musicians.', '2024-07-20T20:00:00.000', '03:00:00', 1.20, 300.00, '{
  "artists": [
    "Singer-songwriter Emily Smith",
    "Band: The Jazz Cats"
  ]
}');
INSERT INTO `Events` (`Id`, `OrganizerId`, `LocationId`, `EventGroupId`, `Name`, `Description`, `StartsAt`, `Duration`, `BaseDemand`, `Cost`, `Hosts`) VALUES ('bf51b6be-666d-4799-ba92-9a577d97de2e', '07c56eb9-a3aa-45f9-81b4-c250447c08ac', '61134c10-2069-43d3-986e-a08c2122ba93', '4c1691f5-7a1c-4207-a64a-31477f423149', 'Gardening Workshop', 'Learn essential gardening tips for a thriving garden.', '2024-07-26T14:00:00.000', '02:00:00', 1.00, 180.00, '{
  "instructor": [
    "Gardening expert Mark Johnson"
  ]
}');
INSERT INTO `Events` (`Id`, `OrganizerId`, `LocationId`, `EventGroupId`, `Name`, `Description`, `StartsAt`, `Duration`, `BaseDemand`, `Cost`, `Hosts`) VALUES ('c941b2d6-81a1-4da0-97ae-1404382db92d', 'd7400aea-2782-4372-b5e5-c79fbff28111', '61134c10-2069-43d3-986e-a08c2122ba93', '461ea0f2-d94b-4b4d-a941-811af54805c2', 'DIY Workshop: Home Decor', 'Create personalized home decor items with our DIY workshop.', '2024-08-05T10:30:00.000', '02:00:00', 1.10, 300.00, '{
  "instructor": [
    "DIY expert Emily Wilson"
  ]
}');
INSERT INTO `Events` (`Id`, `OrganizerId`, `LocationId`, `EventGroupId`, `Name`, `Description`, `StartsAt`, `Duration`, `BaseDemand`, `Cost`, `Hosts`) VALUES ('cb48583c-ac6b-4178-8130-3e61c1bdef87', 'b73c22cc-6e0f-4e6a-8109-f2f3ccf132a6', '8800a6ed-b39f-449f-8d2c-90a9819a40b6', '148c69ab-219a-4402-b7f2-08bd7254bb47', 'Meditation Session', 'Relax and rejuvenate with guided meditation.', '2024-07-25T08:00:00.000', '01:00:00', 1.10, 100.00, '{
  "instructor": [
    "Meditation expert Emily Brown"
  ]
}');
INSERT INTO `Events` (`Id`, `OrganizerId`, `LocationId`, `EventGroupId`, `Name`, `Description`, `StartsAt`, `Duration`, `BaseDemand`, `Cost`, `Hosts`) VALUES ('cbf300c5-dbcd-4d3d-9b80-d67c99246854', 'c007ce5b-ab74-46c3-8e44-a9fec57dc53e', '8e5c9cb8-c991-4dec-bab3-3a0f8a5a87a8', '4c1691f5-7a1c-4207-a64a-31477f423149', 'Craft Beer Tasting', 'Sample a variety of craft beers and learn about brewing techniques.', '2024-07-26T15:00:00.000', '02:00:00', 1.20, 250.00, '{
  "experts": [
    "Brewmaster Tom Smith"
  ]
}');
INSERT INTO `Events` (`Id`, `OrganizerId`, `LocationId`, `EventGroupId`, `Name`, `Description`, `StartsAt`, `Duration`, `BaseDemand`, `Cost`, `Hosts`) VALUES ('cd58398e-7063-4d7a-8823-a8c11f2150a0', 'd7400aea-2782-4372-b5e5-c79fbff28111', '60537ef3-841b-4cd4-876a-2e981819b68d', '4c1691f5-7a1c-4207-a64a-31477f423149', 'Photography Walk', 'Explore the city while learning photography tips and techniques.', '2024-07-26T11:00:00.000', '02:00:00', 1.10, 200.00, '{
  "guide": [
    "Photographer Alex Johnson"
  ]
}');
INSERT INTO `Events` (`Id`, `OrganizerId`, `LocationId`, `EventGroupId`, `Name`, `Description`, `StartsAt`, `Duration`, `BaseDemand`, `Cost`, `Hosts`) VALUES ('dd053a6c-a582-463b-8760-16828fc8d873', 'd7400aea-2782-4372-b5e5-c79fbff28111', '819a9b12-d9aa-4993-8f35-93ba28880d52', '18330a2a-26ab-41fd-8f3a-e7d71119e6c8', 'Karaoke Night', 'Sing your heart out with friends at our karaoke party.', '2024-07-20T20:30:00.000', '03:00:00', 1.20, 250.00, '{
  "host": [
    "Karaoke DJ Kate"
  ]
}');
INSERT INTO `TicketTiers` (`Id`, `EventGroupId`, `Name`, `Description`, `BasePrice`) VALUES ('08195eb5-2400-45ac-899a-c345d83a96e6', 'c40b615e-c98f-4017-8f5f-498d70078e93', 'Spectator Ticket', 'Includes admission as a spectator.', 5.00);
INSERT INTO `TicketTiers` (`Id`, `EventGroupId`, `Name`, `Description`, `BasePrice`) VALUES ('3e59b2dd-750a-400e-9b04-a41b14675bd7', '18330a2a-26ab-41fd-8f3a-e7d71119e6c8', 'VIP Ticket', 'Includes admission with premium seating.', 15.00);
INSERT INTO `TicketTiers` (`Id`, `EventGroupId`, `Name`, `Description`, `BasePrice`) VALUES ('4ca3431c-a6e3-4e2b-be8f-974e11a12cd4', '461ea0f2-d94b-4b4d-a941-811af54805c2', 'Regular Ticket', 'Includes basic workshop materials.', 20.00);
INSERT INTO `TicketTiers` (`Id`, `EventGroupId`, `Name`, `Description`, `BasePrice`) VALUES ('783a1e13-e146-4a5a-ae60-ed5b72c9b050', 'c40b615e-c98f-4017-8f5f-498d70078e93', 'Participant Ticket', 'Includes participation in the tournament.', 10.00);
INSERT INTO `TicketTiers` (`Id`, `EventGroupId`, `Name`, `Description`, `BasePrice`) VALUES ('9398ac3b-f9ed-46ad-9337-cbfb06b84ff5', '18330a2a-26ab-41fd-8f3a-e7d71119e6c8', 'Standard Ticket', 'Includes general admission.', 8.00);
INSERT INTO `TicketTiers` (`Id`, `EventGroupId`, `Name`, `Description`, `BasePrice`) VALUES ('939fd5c3-edf2-4bfb-a3f5-93a67f2e6cae', '148c69ab-219a-4402-b7f2-08bd7254bb47', 'Standard Ticket', 'Includes standard admission.', 10.00);
INSERT INTO `TicketTiers` (`Id`, `EventGroupId`, `Name`, `Description`, `BasePrice`) VALUES ('b353d61a-8bf6-4138-8bb7-7c90945fc227', '4c1691f5-7a1c-4207-a64a-31477f423149', 'Premium Ticket', 'Includes admission plus additional materials.', 25.00);
INSERT INTO `TicketTiers` (`Id`, `EventGroupId`, `Name`, `Description`, `BasePrice`) VALUES ('b5698701-410d-4ca1-a59e-dc2720ad0483', '461ea0f2-d94b-4b4d-a941-811af54805c2', 'VIP Ticket', 'Includes VIP admission with exclusive access and personal instruction.', 40.00);
INSERT INTO `TicketTiers` (`Id`, `EventGroupId`, `Name`, `Description`, `BasePrice`) VALUES ('b90a8e0d-3ef0-4eac-aa5b-37f53521ee82', '148c69ab-219a-4402-b7f2-08bd7254bb47', 'Premium Ticket', 'Includes admission plus yoga mat and water bottle.', 20.00);
INSERT INTO `TicketTiers` (`Id`, `EventGroupId`, `Name`, `Description`, `BasePrice`) VALUES ('c157f5de-6a29-4264-8989-972380bd4594', '07ae2e8f-052e-4422-be8f-87a63781e998', 'VIP Admission', 'Includes entry plus one complimentary drink.', 10.00);
INSERT INTO `TicketTiers` (`Id`, `EventGroupId`, `Name`, `Description`, `BasePrice`) VALUES ('dfbde2ac-2f49-40a8-992a-9ccd264bc6f3', '461ea0f2-d94b-4b4d-a941-811af54805c2', 'Deluxe Ticket', 'Includes additional premium materials.', 30.00);
INSERT INTO `TicketTiers` (`Id`, `EventGroupId`, `Name`, `Description`, `BasePrice`) VALUES ('ed077da9-6d99-4f92-ae58-9532443bb96f', '4c1691f5-7a1c-4207-a64a-31477f423149', 'Standard Ticket', 'Includes admission to the workshop.', 15.00);
INSERT INTO `TicketTiers` (`Id`, `EventGroupId`, `Name`, `Description`, `BasePrice`) VALUES ('fdc23bb5-daa2-4d0a-9b50-bc6a0cf69c8e', '07ae2e8f-052e-4422-be8f-87a63781e998', 'General Admission', 'Includes basic entry to the event.', 5.00);
INSERT INTO `Tickets` (`Id`, `EventId`, `TicketTierId`, `MaxAvailable`, `ActualPrice`) VALUES ('05ccd9bc-3277-4bf5-a12b-3ae69dcfddd6', '03d649e6-37fd-4d53-8ef0-c640170ed957', 'fdc23bb5-daa2-4d0a-9b50-bc6a0cf69c8e', 30, 5.00);
INSERT INTO `Tickets` (`Id`, `EventId`, `TicketTierId`, `MaxAvailable`, `ActualPrice`) VALUES ('0b52c2f9-4c35-4cc5-9b12-a4b4bf8b23ba', 'cbf300c5-dbcd-4d3d-9b80-d67c99246854', 'b353d61a-8bf6-4138-8bb7-7c90945fc227', 10, 30.00);
INSERT INTO `Tickets` (`Id`, `EventId`, `TicketTierId`, `MaxAvailable`, `ActualPrice`) VALUES ('1406a838-1ec8-4bcf-b3e1-31b521d40277', '7f78b1d0-dcb9-4807-bcc6-901d8113f481', '9398ac3b-f9ed-46ad-9337-cbfb06b84ff5', 50, 10.00);
INSERT INTO `Tickets` (`Id`, `EventId`, `TicketTierId`, `MaxAvailable`, `ActualPrice`) VALUES ('1bdf5fcc-a53d-4688-aac8-78c4b033dd50', '52f34f06-9ce2-4639-988d-383ebad475e8', '3e59b2dd-750a-400e-9b04-a41b14675bd7', 10, 18.00);
INSERT INTO `Tickets` (`Id`, `EventId`, `TicketTierId`, `MaxAvailable`, `ActualPrice`) VALUES ('216271a4-f5d7-4246-b7c2-163a5892f9e9', '88b008e5-92af-4a1f-a280-9e374bd65da0', 'dfbde2ac-2f49-40a8-992a-9ccd264bc6f3', 10, 35.00);
INSERT INTO `Tickets` (`Id`, `EventId`, `TicketTierId`, `MaxAvailable`, `ActualPrice`) VALUES ('21b1593e-e89b-4181-81da-6076810604ed', '52f34f06-9ce2-4639-988d-383ebad475e8', '9398ac3b-f9ed-46ad-9337-cbfb06b84ff5', 30, 10.00);
INSERT INTO `Tickets` (`Id`, `EventId`, `TicketTierId`, `MaxAvailable`, `ActualPrice`) VALUES ('2776b653-7736-4d5a-a617-900b828c5b7e', 'c941b2d6-81a1-4da0-97ae-1404382db92d', '4ca3431c-a6e3-4e2b-be8f-974e11a12cd4', 25, 25.00);
INSERT INTO `Tickets` (`Id`, `EventId`, `TicketTierId`, `MaxAvailable`, `ActualPrice`) VALUES ('2ab09783-c7d6-4712-9f20-a6a9f16e47db', '3e4a6230-9af0-4041-bf52-ffa4f435d10c', 'c157f5de-6a29-4264-8989-972380bd4594', 15, 10.00);
INSERT INTO `Tickets` (`Id`, `EventId`, `TicketTierId`, `MaxAvailable`, `ActualPrice`) VALUES ('2ee2a2a9-f858-4115-9b82-1871cb292123', '88b008e5-92af-4a1f-a280-9e374bd65da0', '4ca3431c-a6e3-4e2b-be8f-974e11a12cd4', 20, 25.00);
INSERT INTO `Tickets` (`Id`, `EventId`, `TicketTierId`, `MaxAvailable`, `ActualPrice`) VALUES ('366e220b-4e8e-4d91-980b-5de4c77e1a61', 'bf51b6be-666d-4799-ba92-9a577d97de2e', 'b353d61a-8bf6-4138-8bb7-7c90945fc227', 10, 30.00);
INSERT INTO `Tickets` (`Id`, `EventId`, `TicketTierId`, `MaxAvailable`, `ActualPrice`) VALUES ('3f974482-113a-4f7d-ac55-20debb7e243a', '03d649e6-37fd-4d53-8ef0-c640170ed957', 'c157f5de-6a29-4264-8989-972380bd4594', 10, 10.00);
INSERT INTO `Tickets` (`Id`, `EventId`, `TicketTierId`, `MaxAvailable`, `ActualPrice`) VALUES ('40f7940e-ee39-43af-ad3f-dd420f7152b1', '77db84c8-99f3-47ff-b6c4-5f87c2e88ef8', '939fd5c3-edf2-4bfb-a3f5-93a67f2e6cae', 30, 10.00);
INSERT INTO `Tickets` (`Id`, `EventId`, `TicketTierId`, `MaxAvailable`, `ActualPrice`) VALUES ('455435bf-483a-493c-ac74-86eb94bb1634', '369519b1-37cd-4c9e-a303-b212b286a9da', '4ca3431c-a6e3-4e2b-be8f-974e11a12cd4', 20, 25.00);
INSERT INTO `Tickets` (`Id`, `EventId`, `TicketTierId`, `MaxAvailable`, `ActualPrice`) VALUES ('5de0c908-a780-414e-9a94-0303759459ad', '7f78b1d0-dcb9-4807-bcc6-901d8113f481', '3e59b2dd-750a-400e-9b04-a41b14675bd7', 20, 18.00);
INSERT INTO `Tickets` (`Id`, `EventId`, `TicketTierId`, `MaxAvailable`, `ActualPrice`) VALUES ('604dcff1-907d-4225-a789-484ae20007f6', '369519b1-37cd-4c9e-a303-b212b286a9da', 'dfbde2ac-2f49-40a8-992a-9ccd264bc6f3', 10, 35.00);
INSERT INTO `Tickets` (`Id`, `EventId`, `TicketTierId`, `MaxAvailable`, `ActualPrice`) VALUES ('68ba1c88-72f2-4656-81cb-e34747859288', '7994678d-c5c0-418c-9763-504f6382e572', 'c157f5de-6a29-4264-8989-972380bd4594', 10, 10.00);
INSERT INTO `Tickets` (`Id`, `EventId`, `TicketTierId`, `MaxAvailable`, `ActualPrice`) VALUES ('6af99deb-e72b-4954-b545-26146a0d4d48', 'dd053a6c-a582-463b-8760-16828fc8d873', '3e59b2dd-750a-400e-9b04-a41b14675bd7', 10, 18.00);
INSERT INTO `Tickets` (`Id`, `EventId`, `TicketTierId`, `MaxAvailable`, `ActualPrice`) VALUES ('6d6e3900-f5ea-4989-9c52-898c37849c90', '8c357fe8-5ae3-4b1e-b791-bc473218daf8', 'ed077da9-6d99-4f92-ae58-9532443bb96f', 20, 20.00);
INSERT INTO `Tickets` (`Id`, `EventId`, `TicketTierId`, `MaxAvailable`, `ActualPrice`) VALUES ('71948edf-c933-4400-aa67-fd4aff8ef8c8', 'bf51b6be-666d-4799-ba92-9a577d97de2e', 'ed077da9-6d99-4f92-ae58-9532443bb96f', 20, 20.00);
INSERT INTO `Tickets` (`Id`, `EventId`, `TicketTierId`, `MaxAvailable`, `ActualPrice`) VALUES ('7a7811dc-d972-4262-9b6f-9fcf3aed3bbd', '34196687-0a7a-41d3-895a-f5f7fb4f8e62', 'fdc23bb5-daa2-4d0a-9b50-bc6a0cf69c8e', 40, 5.00);
INSERT INTO `Tickets` (`Id`, `EventId`, `TicketTierId`, `MaxAvailable`, `ActualPrice`) VALUES ('7fc3602d-d94d-45da-bdce-5c204c0f1bb9', '34196687-0a7a-41d3-895a-f5f7fb4f8e62', 'c157f5de-6a29-4264-8989-972380bd4594', 10, 10.00);
INSERT INTO `Tickets` (`Id`, `EventId`, `TicketTierId`, `MaxAvailable`, `ActualPrice`) VALUES ('9438f561-5c5d-4c65-b007-012234674429', '0fd16861-5dd9-4b3f-ad43-4bf13d673e12', '08195eb5-2400-45ac-899a-c345d83a96e6', 30, 8.00);
INSERT INTO `Tickets` (`Id`, `EventId`, `TicketTierId`, `MaxAvailable`, `ActualPrice`) VALUES ('957ab587-f297-4b2f-b31d-e70ccef1f029', 'dd053a6c-a582-463b-8760-16828fc8d873', '9398ac3b-f9ed-46ad-9337-cbfb06b84ff5', 40, 10.00);
INSERT INTO `Tickets` (`Id`, `EventId`, `TicketTierId`, `MaxAvailable`, `ActualPrice`) VALUES ('9cf9e6cc-4ada-4d92-82a9-4daa41b8c04a', 'cbf300c5-dbcd-4d3d-9b80-d67c99246854', 'ed077da9-6d99-4f92-ae58-9532443bb96f', 30, 20.00);
INSERT INTO `Tickets` (`Id`, `EventId`, `TicketTierId`, `MaxAvailable`, `ActualPrice`) VALUES ('9ea79925-986b-4185-87b2-5d8ab83ee976', 'cd58398e-7063-4d7a-8823-a8c11f2150a0', 'ed077da9-6d99-4f92-ae58-9532443bb96f', 25, 20.00);
INSERT INTO `Tickets` (`Id`, `EventId`, `TicketTierId`, `MaxAvailable`, `ActualPrice`) VALUES ('a10b5995-0f31-43e7-9160-4f98f9eb2a1b', '3e4a6230-9af0-4041-bf52-ffa4f435d10c', 'fdc23bb5-daa2-4d0a-9b50-bc6a0cf69c8e', 50, 5.00);
INSERT INTO `Tickets` (`Id`, `EventId`, `TicketTierId`, `MaxAvailable`, `ActualPrice`) VALUES ('a6ab68aa-6892-4ef3-8e58-3244c4070ca1', 'cd58398e-7063-4d7a-8823-a8c11f2150a0', 'b353d61a-8bf6-4138-8bb7-7c90945fc227', 10, 30.00);
INSERT INTO `Tickets` (`Id`, `EventId`, `TicketTierId`, `MaxAvailable`, `ActualPrice`) VALUES ('a8ece459-b6c5-419f-ac2b-34bf58841dd3', '369519b1-37cd-4c9e-a303-b212b286a9da', 'b5698701-410d-4ca1-a59e-dc2720ad0483', 5, 50.00);
INSERT INTO `Tickets` (`Id`, `EventId`, `TicketTierId`, `MaxAvailable`, `ActualPrice`) VALUES ('b400353a-b0dd-4b84-bfd9-cdd345575234', '29c0ccd6-e430-4fa4-9df3-4c1085659869', 'c157f5de-6a29-4264-8989-972380bd4594', 20, 10.00);
INSERT INTO `Tickets` (`Id`, `EventId`, `TicketTierId`, `MaxAvailable`, `ActualPrice`) VALUES ('b4b26f06-1db2-4fac-9475-c1b33150b85f', 'cb48583c-ac6b-4178-8130-3e61c1bdef87', '939fd5c3-edf2-4bfb-a3f5-93a67f2e6cae', 25, 10.00);
INSERT INTO `Tickets` (`Id`, `EventId`, `TicketTierId`, `MaxAvailable`, `ActualPrice`) VALUES ('b5f7a7c7-8049-4221-8a03-a1c1eea075a2', 'a312dcdb-67e7-4b95-9466-594aa570a97d', '9398ac3b-f9ed-46ad-9337-cbfb06b84ff5', 40, 10.00);
INSERT INTO `Tickets` (`Id`, `EventId`, `TicketTierId`, `MaxAvailable`, `ActualPrice`) VALUES ('bd9c3cb8-4120-4f69-b976-caef61042479', '8181d75d-c6c4-4473-ba80-8283650c6c49', 'ed077da9-6d99-4f92-ae58-9532443bb96f', 20, 20.00);
INSERT INTO `Tickets` (`Id`, `EventId`, `TicketTierId`, `MaxAvailable`, `ActualPrice`) VALUES ('bda7a1ea-4ff6-43ec-8108-7f16289cf674', '77db84c8-99f3-47ff-b6c4-5f87c2e88ef8', 'b90a8e0d-3ef0-4eac-aa5b-37f53521ee82', 10, 20.00);
INSERT INTO `Tickets` (`Id`, `EventId`, `TicketTierId`, `MaxAvailable`, `ActualPrice`) VALUES ('bde4b0cb-a8e9-4188-ada4-77a5ed3d2171', 'c941b2d6-81a1-4da0-97ae-1404382db92d', 'dfbde2ac-2f49-40a8-992a-9ccd264bc6f3', 10, 35.00);
INSERT INTO `Tickets` (`Id`, `EventId`, `TicketTierId`, `MaxAvailable`, `ActualPrice`) VALUES ('cc32ff1c-476f-46e4-95dd-e00c89673693', '8181d75d-c6c4-4473-ba80-8283650c6c49', 'b353d61a-8bf6-4138-8bb7-7c90945fc227', 10, 30.00);
INSERT INTO `Tickets` (`Id`, `EventId`, `TicketTierId`, `MaxAvailable`, `ActualPrice`) VALUES ('cec46876-74c5-4280-87e9-258c37c1101b', 'cb48583c-ac6b-4178-8130-3e61c1bdef87', 'b90a8e0d-3ef0-4eac-aa5b-37f53521ee82', 10, 20.00);
INSERT INTO `Tickets` (`Id`, `EventId`, `TicketTierId`, `MaxAvailable`, `ActualPrice`) VALUES ('cfed656c-af8a-4075-9d18-f3c0101bdc8f', '8c357fe8-5ae3-4b1e-b791-bc473218daf8', 'b353d61a-8bf6-4138-8bb7-7c90945fc227', 10, 30.00);
INSERT INTO `Tickets` (`Id`, `EventId`, `TicketTierId`, `MaxAvailable`, `ActualPrice`) VALUES ('d7c4f61a-70a5-495a-9a80-097b3020ec81', 'a312dcdb-67e7-4b95-9466-594aa570a97d', '3e59b2dd-750a-400e-9b04-a41b14675bd7', 10, 18.00);
INSERT INTO `Tickets` (`Id`, `EventId`, `TicketTierId`, `MaxAvailable`, `ActualPrice`) VALUES ('dbfee46d-3fb3-4ce8-be0b-af1e63055500', '29c0ccd6-e430-4fa4-9df3-4c1085659869', 'fdc23bb5-daa2-4d0a-9b50-bc6a0cf69c8e', 50, 5.00);
INSERT INTO `Tickets` (`Id`, `EventId`, `TicketTierId`, `MaxAvailable`, `ActualPrice`) VALUES ('e27c18b1-b4cc-40bd-85bb-3a8b12160867', '0fd16861-5dd9-4b3f-ad43-4bf13d673e12', '783a1e13-e146-4a5a-ae60-ed5b72c9b050', 20, 12.00);
INSERT INTO `Tickets` (`Id`, `EventId`, `TicketTierId`, `MaxAvailable`, `ActualPrice`) VALUES ('e458a04d-36de-4fa4-a467-185b5fd591f9', '7994678d-c5c0-418c-9763-504f6382e572', 'fdc23bb5-daa2-4d0a-9b50-bc6a0cf69c8e', 30, 5.00);
INSERT INTO `Tickets` (`Id`, `EventId`, `TicketTierId`, `MaxAvailable`, `ActualPrice`) VALUES ('f3db4ecd-1da1-45a3-968d-f8406a320540', '88b008e5-92af-4a1f-a280-9e374bd65da0', 'b5698701-410d-4ca1-a59e-dc2720ad0483', 5, 50.00);
INSERT INTO `Users` (`Id`) VALUES ('02915e15-80b2-402e-a7a2-7676bfc15160');
INSERT INTO `Users` (`Id`) VALUES ('0930716f-6f29-4204-8011-d2937ae35816');
INSERT INTO `Users` (`Id`) VALUES ('0e932504-3f0b-484c-98ce-9db57e96ac69');
INSERT INTO `Users` (`Id`) VALUES ('1b1cf956-f9cd-4a8e-8933-e08fe0c02a4a');
INSERT INTO `Users` (`Id`) VALUES ('246dc489-3a18-4105-a8ce-0e5688e5c0c4');
INSERT INTO `Users` (`Id`) VALUES ('29222ae8-0ad5-4329-b3e6-ba573c2406e1');
INSERT INTO `Users` (`Id`) VALUES ('2f967d99-31af-4876-bc90-b9494f333243');
INSERT INTO `Users` (`Id`) VALUES ('3d093955-f9b0-4351-a52c-2945031a9879');
INSERT INTO `Users` (`Id`) VALUES ('531aeb8c-5dac-49ba-a6bd-d23ac7de14d4');
INSERT INTO `Users` (`Id`) VALUES ('53b26d3c-5b42-4789-8a86-085a2a1492e4');
INSERT INTO `Users` (`Id`) VALUES ('588241cf-f4ac-4588-84b5-123de82ddf70');
INSERT INTO `Users` (`Id`) VALUES ('58936899-36e5-4d29-b205-1ad49555be43');
INSERT INTO `Users` (`Id`) VALUES ('5a387f72-3065-4ab2-a7bc-db416cc1344a');
INSERT INTO `Users` (`Id`) VALUES ('5b338250-1c03-4f0b-9a44-c6173386d464');
INSERT INTO `Users` (`Id`) VALUES ('6103f253-00cb-4689-b6f9-06e89986b80c');
INSERT INTO `Users` (`Id`) VALUES ('628e13d8-2d02-4db0-9fb3-ff6d35dd9a98');
INSERT INTO `Users` (`Id`) VALUES ('6b8b66f7-f052-4a30-b5c7-5724ec9e436e');
INSERT INTO `Users` (`Id`) VALUES ('6ba09ba1-6066-4e42-a650-13f40bea9fab');
INSERT INTO `Users` (`Id`) VALUES ('7bebacdc-81c5-4437-b3c9-ba19441b4bfd');
INSERT INTO `Users` (`Id`) VALUES ('7cd42cce-8299-4a91-bad4-d9e06d05162b');
INSERT INTO `Users` (`Id`) VALUES ('81f5082c-7e5e-4e10-82a6-6cf9b28d4fa9');
INSERT INTO `Users` (`Id`) VALUES ('846acf18-a4ed-4018-a4cb-3474556b7f48');
INSERT INTO `Users` (`Id`) VALUES ('89964d1a-bd75-49a5-a683-bcba6b0979ac');
INSERT INTO `Users` (`Id`) VALUES ('931c44e9-74ae-4d7a-ac8e-44e3f5632fa5');
INSERT INTO `Users` (`Id`) VALUES ('9d3d39c0-eb54-427d-87c1-dbd7ad1029d3');
INSERT INTO `Users` (`Id`) VALUES ('a94dc054-c74a-4932-9da4-a5f87dc9b32c');
INSERT INTO `Users` (`Id`) VALUES ('aa1099cf-e2a9-4a4d-9cb3-49a273e79a28');
INSERT INTO `Users` (`Id`) VALUES ('ab720bc9-fb40-4289-9777-b591b6d62465');
INSERT INTO `Users` (`Id`) VALUES ('b3cc1465-ffd0-4359-b63c-9a6b301f8a30');
INSERT INTO `Users` (`Id`) VALUES ('b73d3fb7-ae78-4e05-8e25-f858686a20f0');
INSERT INTO `Users` (`Id`) VALUES ('c307a017-2869-45ce-b96d-1b9408749a7d');
INSERT INTO `Users` (`Id`) VALUES ('c56bd92b-9489-459a-8b55-fb3d7676e50d');
INSERT INTO `Users` (`Id`) VALUES ('c5991285-abac-4ad2-83f1-0f0a21c3a19a');
INSERT INTO `Users` (`Id`) VALUES ('ca0bf290-5168-4390-b90f-cd2ec2a6ac8a');
INSERT INTO `Users` (`Id`) VALUES ('cbce9583-b6ac-4515-9adc-bf56b0b45d68');
INSERT INTO `Users` (`Id`) VALUES ('db24d946-5a89-41fb-b666-cff6ea85fede');
INSERT INTO `Users` (`Id`) VALUES ('dcf6822e-3994-4938-9042-3e687389af0a');
INSERT INTO `Users` (`Id`) VALUES ('deaa0da3-1b91-40f0-96a3-244009ff4911');
INSERT INTO `Users` (`Id`) VALUES ('e0c9443c-8829-4aa1-b5e1-171123a107b5');
INSERT INTO `Users` (`Id`) VALUES ('e57bf220-4895-4e1a-8020-b399540fe77c');
INSERT INTO `Users` (`Id`) VALUES ('e7fadc5d-9614-4810-95ab-b567ed111974');
INSERT INTO `Users` (`Id`) VALUES ('ebd3c096-768f-4f5f-a266-362d137c2f3c');
INSERT INTO `Users` (`Id`) VALUES ('ec235996-8ab2-482b-90a6-cfdbed1fa743');
INSERT INTO `Users` (`Id`) VALUES ('f0260522-3594-4fe4-938a-6905e1d0c569');
INSERT INTO `Users` (`Id`) VALUES ('f0fecc7e-52a2-4d81-bd13-634162887d8e');
INSERT INTO `Users` (`Id`) VALUES ('f6060817-795f-4db5-a21f-0d20f645abcf');
INSERT INTO `Users` (`Id`) VALUES ('f73b3879-3c9d-46c3-8408-e5ff929cc584');
INSERT INTO `Users` (`Id`) VALUES ('f98f269b-415f-4fa1-bd42-cfbc3a7833c0');
INSERT INTO `Bookings` (`Id`, `UserId`, `TicketId`, `BoughtAt`, `Amount`, `Price`) VALUES ('00c161de-0390-471d-8d3c-6928f412df5d', '29222ae8-0ad5-4329-b3e6-ba573c2406e1', '9cf9e6cc-4ada-4d92-82a9-4daa41b8c04a', '2024-06-14T21:59:24.000', 5, 23.00);
INSERT INTO `Bookings` (`Id`, `UserId`, `TicketId`, `BoughtAt`, `Amount`, `Price`) VALUES ('00f57642-be0f-41ac-be51-d1f14e718775', 'f98f269b-415f-4fa1-bd42-cfbc3a7833c0', '2776b653-7736-4d5a-a617-900b828c5b7e', '2024-06-12T05:39:57.000', 5, 29.00);
INSERT INTO `Bookings` (`Id`, `UserId`, `TicketId`, `BoughtAt`, `Amount`, `Price`) VALUES ('016f80a4-d596-48ac-ae42-0efd9f4e4e57', '931c44e9-74ae-4d7a-ac8e-44e3f5632fa5', '0b52c2f9-4c35-4cc5-9b12-a4b4bf8b23ba', '2024-06-08T00:55:27.000', 3, 25.00);
INSERT INTO `Bookings` (`Id`, `UserId`, `TicketId`, `BoughtAt`, `Amount`, `Price`) VALUES ('01b913d9-8686-491e-920b-257436927f0d', 'ab720bc9-fb40-4289-9777-b591b6d62465', '5de0c908-a780-414e-9a94-0303759459ad', '2024-05-26T16:44:42.000', 1, 16.20);
INSERT INTO `Bookings` (`Id`, `UserId`, `TicketId`, `BoughtAt`, `Amount`, `Price`) VALUES ('022f87cc-b65b-4d57-a576-c1f8d6b50938', '7cd42cce-8299-4a91-bad4-d9e06d05162b', '957ab587-f297-4b2f-b31d-e70ccef1f029', '2024-06-02T09:37:49.000', 3, 10.00);
INSERT INTO `Bookings` (`Id`, `UserId`, `TicketId`, `BoughtAt`, `Amount`, `Price`) VALUES ('03b136bf-89f0-40c9-b0d5-f663d38a5b59', 'ebd3c096-768f-4f5f-a266-362d137c2f3c', 'b4b26f06-1db2-4fac-9475-c1b33150b85f', '2024-06-07T05:43:25.000', 1, 8.00);
INSERT INTO `Bookings` (`Id`, `UserId`, `TicketId`, `BoughtAt`, `Amount`, `Price`) VALUES ('043cef6b-77fc-4e2a-9e98-fc4d29940347', '2f967d99-31af-4876-bc90-b9494f333243', 'a10b5995-0f31-43e7-9160-4f98f9eb2a1b', '2024-06-21T23:43:20.000', 5, 4.00);
INSERT INTO `Bookings` (`Id`, `UserId`, `TicketId`, `BoughtAt`, `Amount`, `Price`) VALUES ('04c82bd1-0c29-41e3-9b5f-c2c51b079430', '6103f253-00cb-4689-b6f9-06e89986b80c', 'b4b26f06-1db2-4fac-9475-c1b33150b85f', '2024-06-02T11:47:30.000', 4, 8.00);
INSERT INTO `Bookings` (`Id`, `UserId`, `TicketId`, `BoughtAt`, `Amount`, `Price`) VALUES ('0523ab09-bf56-40ba-9510-949d4ed137ef', '588241cf-f4ac-4588-84b5-123de82ddf70', '2ee2a2a9-f858-4115-9b82-1871cb292123', '2024-05-26T04:15:34.000', 1, 23.00);
INSERT INTO `Bookings` (`Id`, `UserId`, `TicketId`, `BoughtAt`, `Amount`, `Price`) VALUES ('05ac39a7-859f-4ad5-b0f3-18e69f8cb7f3', '7bebacdc-81c5-4437-b3c9-ba19441b4bfd', 'b5f7a7c7-8049-4221-8a03-a1c1eea075a2', '2024-06-19T14:09:25.000', 4, 11.00);
INSERT INTO `Bookings` (`Id`, `UserId`, `TicketId`, `BoughtAt`, `Amount`, `Price`) VALUES ('07bfbcf5-9796-4b18-a885-9fc1f2b42187', 'f73b3879-3c9d-46c3-8408-e5ff929cc584', '68ba1c88-72f2-4656-81cb-e34747859288', '2024-05-30T04:04:50.000', 2, 8.00);
INSERT INTO `Bookings` (`Id`, `UserId`, `TicketId`, `BoughtAt`, `Amount`, `Price`) VALUES ('08fb4ef7-0e27-4c21-8049-c43ea7868117', '29222ae8-0ad5-4329-b3e6-ba573c2406e1', '9cf9e6cc-4ada-4d92-82a9-4daa41b8c04a', '2024-06-08T11:18:10.000', 4, 22.00);
INSERT INTO `Bookings` (`Id`, `UserId`, `TicketId`, `BoughtAt`, `Amount`, `Price`) VALUES ('0d378476-9b8e-4818-9aa8-08a5e725284a', 'f0260522-3594-4fe4-938a-6905e1d0c569', '05ccd9bc-3277-4bf5-a12b-3ae69dcfddd6', '2024-06-04T08:32:54.000', 3, 4.00);
INSERT INTO `Bookings` (`Id`, `UserId`, `TicketId`, `BoughtAt`, `Amount`, `Price`) VALUES ('0f0effc3-68ca-4363-adb8-1dc06361b777', '89964d1a-bd75-49a5-a683-bcba6b0979ac', 'bde4b0cb-a8e9-4188-ada4-77a5ed3d2171', '2024-06-16T06:30:31.000', 2, 41.00);
INSERT INTO `Bookings` (`Id`, `UserId`, `TicketId`, `BoughtAt`, `Amount`, `Price`) VALUES ('0fc98d62-276d-418f-9610-09add2db79c5', 'f98f269b-415f-4fa1-bd42-cfbc3a7833c0', '9438f561-5c5d-4c65-b007-012234674429', '2024-06-14T06:14:41.000', 5, 7.20);
INSERT INTO `Bookings` (`Id`, `UserId`, `TicketId`, `BoughtAt`, `Amount`, `Price`) VALUES ('1372380e-043f-4ff4-be0b-08750589e24b', '7cd42cce-8299-4a91-bad4-d9e06d05162b', 'e458a04d-36de-4fa4-a467-185b5fd591f9', '2024-06-05T03:55:24.000', 4, 5.00);
INSERT INTO `Bookings` (`Id`, `UserId`, `TicketId`, `BoughtAt`, `Amount`, `Price`) VALUES ('13e79051-234f-4a39-bffe-dbb59258866b', 'f73b3879-3c9d-46c3-8408-e5ff929cc584', 'a8ece459-b6c5-419f-ac2b-34bf58841dd3', '2024-06-08T03:30:58.000', 2, 42.00);
INSERT INTO `Bookings` (`Id`, `UserId`, `TicketId`, `BoughtAt`, `Amount`, `Price`) VALUES ('13f38497-6fac-4ca9-accc-1ff4039f377d', '02915e15-80b2-402e-a7a2-7676bfc15160', '21b1593e-e89b-4181-81da-6076810604ed', '2024-06-15T06:20:16.000', 5, 9.00);
INSERT INTO `Bookings` (`Id`, `UserId`, `TicketId`, `BoughtAt`, `Amount`, `Price`) VALUES ('15c1e6ab-e74a-48b3-a00c-fa0c84f63e46', '931c44e9-74ae-4d7a-ac8e-44e3f5632fa5', '7fc3602d-d94d-45da-bdce-5c204c0f1bb9', '2024-06-17T20:29:29.000', 1, 9.00);
INSERT INTO `Bookings` (`Id`, `UserId`, `TicketId`, `BoughtAt`, `Amount`, `Price`) VALUES ('16a95d79-8319-47ad-b365-2c50dcfd75a6', '9d3d39c0-eb54-427d-87c1-dbd7ad1029d3', '455435bf-483a-493c-ac74-86eb94bb1634', '2024-06-18T22:04:42.000', 2, 21.00);
INSERT INTO `Bookings` (`Id`, `UserId`, `TicketId`, `BoughtAt`, `Amount`, `Price`) VALUES ('1773dca5-7851-4150-b44c-c7f6ddf2e308', '7bebacdc-81c5-4437-b3c9-ba19441b4bfd', '455435bf-483a-493c-ac74-86eb94bb1634', '2024-06-14T17:04:14.000', 5, 24.00);
INSERT INTO `Bookings` (`Id`, `UserId`, `TicketId`, `BoughtAt`, `Amount`, `Price`) VALUES ('19135733-fca6-487f-9f58-fa383a376ee2', '246dc489-3a18-4105-a8ce-0e5688e5c0c4', '05ccd9bc-3277-4bf5-a12b-3ae69dcfddd6', '2024-06-12T01:18:48.000', 1, 4.00);
INSERT INTO `Bookings` (`Id`, `UserId`, `TicketId`, `BoughtAt`, `Amount`, `Price`) VALUES ('1a8b4398-5a9d-4a25-81ac-7870e1836642', '531aeb8c-5dac-49ba-a6bd-d23ac7de14d4', '40f7940e-ee39-43af-ad3f-dd420f7152b1', '2024-06-16T21:54:38.000', 3, 9.00);
INSERT INTO `Bookings` (`Id`, `UserId`, `TicketId`, `BoughtAt`, `Amount`, `Price`) VALUES ('1b6ba808-f64c-454b-a6e1-2dd11e10f44f', 'ebd3c096-768f-4f5f-a266-362d137c2f3c', '366e220b-4e8e-4d91-980b-5de4c77e1a61', '2024-06-23T07:45:21.000', 3, 29.00);
INSERT INTO `Bookings` (`Id`, `UserId`, `TicketId`, `BoughtAt`, `Amount`, `Price`) VALUES ('1c034d01-6ba7-417b-84a8-b349dda1befd', '81f5082c-7e5e-4e10-82a6-6cf9b28d4fa9', '1406a838-1ec8-4bcf-b3e1-31b521d40277', '2024-06-12T09:12:19.000', 5, 10.00);
INSERT INTO `Bookings` (`Id`, `UserId`, `TicketId`, `BoughtAt`, `Amount`, `Price`) VALUES ('1d264671-46d5-408f-8de7-74e916cf26be', '0e932504-3f0b-484c-98ce-9db57e96ac69', '216271a4-f5d7-4246-b7c2-163a5892f9e9', '2024-06-21T16:08:35.000', 5, 38.00);
INSERT INTO `Bookings` (`Id`, `UserId`, `TicketId`, `BoughtAt`, `Amount`, `Price`) VALUES ('23bd7f34-1a41-4d15-80f2-2f07fc7e9053', '588241cf-f4ac-4588-84b5-123de82ddf70', 'bd9c3cb8-4120-4f69-b976-caef61042479', '2024-06-04T05:49:10.000', 1, 18.00);
INSERT INTO `Bookings` (`Id`, `UserId`, `TicketId`, `BoughtAt`, `Amount`, `Price`) VALUES ('23c39060-ce67-403b-ab2b-ee86de944919', 'deaa0da3-1b91-40f0-96a3-244009ff4911', '21b1593e-e89b-4181-81da-6076810604ed', '2024-06-23T17:51:22.000', 3, 10.00);
INSERT INTO `Bookings` (`Id`, `UserId`, `TicketId`, `BoughtAt`, `Amount`, `Price`) VALUES ('2492f356-f43b-4a1f-8de2-8d5d221d19e8', '531aeb8c-5dac-49ba-a6bd-d23ac7de14d4', 'dbfee46d-3fb3-4ce8-be0b-af1e63055500', '2024-06-14T03:23:34.000', 3, 4.00);
INSERT INTO `Bookings` (`Id`, `UserId`, `TicketId`, `BoughtAt`, `Amount`, `Price`) VALUES ('250627b2-cb04-4742-b992-6128a5778fe4', '5a387f72-3065-4ab2-a7bc-db416cc1344a', 'cc32ff1c-476f-46e4-95dd-e00c89673693', '2024-05-28T23:06:33.000', 3, 25.00);
INSERT INTO `Bookings` (`Id`, `UserId`, `TicketId`, `BoughtAt`, `Amount`, `Price`) VALUES ('26bf1401-5d6c-4ca6-b974-8d79d9ee84d1', 'b3cc1465-ffd0-4359-b63c-9a6b301f8a30', 'cc32ff1c-476f-46e4-95dd-e00c89673693', '2024-05-23T18:59:11.000', 2, 31.00);
INSERT INTO `Bookings` (`Id`, `UserId`, `TicketId`, `BoughtAt`, `Amount`, `Price`) VALUES ('27c91bbe-c03b-492c-b0dc-73113f234fbd', 'cbce9583-b6ac-4515-9adc-bf56b0b45d68', '2776b653-7736-4d5a-a617-900b828c5b7e', '2024-06-17T23:55:09.000', 5, 23.00);
INSERT INTO `Bookings` (`Id`, `UserId`, `TicketId`, `BoughtAt`, `Amount`, `Price`) VALUES ('2aa19a2a-0738-45d8-9cba-63da028a80ea', '02915e15-80b2-402e-a7a2-7676bfc15160', '9cf9e6cc-4ada-4d92-82a9-4daa41b8c04a', '2024-05-30T21:36:47.000', 4, 20.00);
INSERT INTO `Bookings` (`Id`, `UserId`, `TicketId`, `BoughtAt`, `Amount`, `Price`) VALUES ('2af59584-42a3-4e8b-870a-85ff75502ffe', '246dc489-3a18-4105-a8ce-0e5688e5c0c4', '7fc3602d-d94d-45da-bdce-5c204c0f1bb9', '2024-06-20T18:15:03.000', 5, 10.00);
INSERT INTO `Bookings` (`Id`, `UserId`, `TicketId`, `BoughtAt`, `Amount`, `Price`) VALUES ('2b5d677a-ce1c-4fb1-bc27-077f65401995', '6ba09ba1-6066-4e42-a650-13f40bea9fab', 'e458a04d-36de-4fa4-a467-185b5fd591f9', '2024-06-14T22:10:26.000', 3, 4.00);
INSERT INTO `Bookings` (`Id`, `UserId`, `TicketId`, `BoughtAt`, `Amount`, `Price`) VALUES ('2c90f5e2-ad94-4b12-93c6-ca0c226909f6', '588241cf-f4ac-4588-84b5-123de82ddf70', '7a7811dc-d972-4262-9b6f-9fcf3aed3bbd', '2024-06-20T14:40:46.000', 4, 4.00);
INSERT INTO `Bookings` (`Id`, `UserId`, `TicketId`, `BoughtAt`, `Amount`, `Price`) VALUES ('2e41c25c-788e-4347-aaff-a1d9fa73e317', '5a387f72-3065-4ab2-a7bc-db416cc1344a', '366e220b-4e8e-4d91-980b-5de4c77e1a61', '2024-06-16T10:27:32.000', 2, 31.00);
INSERT INTO `Bookings` (`Id`, `UserId`, `TicketId`, `BoughtAt`, `Amount`, `Price`) VALUES ('2e5ee807-ba1f-40bb-8f13-716ecc36c986', 'e57bf220-4895-4e1a-8020-b399540fe77c', '604dcff1-907d-4225-a789-484ae20007f6', '2024-06-04T23:09:00.000', 1, 32.00);
INSERT INTO `Bookings` (`Id`, `UserId`, `TicketId`, `BoughtAt`, `Amount`, `Price`) VALUES ('33a18baa-c317-411b-addb-edcb79ed07cd', 'cbce9583-b6ac-4515-9adc-bf56b0b45d68', '05ccd9bc-3277-4bf5-a12b-3ae69dcfddd6', '2024-06-01T18:33:31.000', 1, 5.00);
INSERT INTO `Bookings` (`Id`, `UserId`, `TicketId`, `BoughtAt`, `Amount`, `Price`) VALUES ('34660ab5-d392-426c-9a76-b1576dec9f0d', 'f98f269b-415f-4fa1-bd42-cfbc3a7833c0', '40f7940e-ee39-43af-ad3f-dd420f7152b1', '2024-06-18T22:01:18.000', 3, 11.00);
INSERT INTO `Bookings` (`Id`, `UserId`, `TicketId`, `BoughtAt`, `Amount`, `Price`) VALUES ('34f856d1-bbae-4f6f-83c7-927eee00785e', '02915e15-80b2-402e-a7a2-7676bfc15160', 'e458a04d-36de-4fa4-a467-185b5fd591f9', '2024-06-14T15:44:40.000', 4, 4.00);
INSERT INTO `Bookings` (`Id`, `UserId`, `TicketId`, `BoughtAt`, `Amount`, `Price`) VALUES ('357e95d6-e1b7-4875-af3f-8a441665d52e', '5b338250-1c03-4f0b-9a44-c6173386d464', '9cf9e6cc-4ada-4d92-82a9-4daa41b8c04a', '2024-06-12T13:59:44.000', 1, 23.00);
INSERT INTO `Bookings` (`Id`, `UserId`, `TicketId`, `BoughtAt`, `Amount`, `Price`) VALUES ('3615c1a0-957e-4739-99df-346704282ead', 'f0260522-3594-4fe4-938a-6905e1d0c569', '2ab09783-c7d6-4712-9f20-a6a9f16e47db', '2024-06-07T15:47:34.000', 1, 11.00);
INSERT INTO `Bookings` (`Id`, `UserId`, `TicketId`, `BoughtAt`, `Amount`, `Price`) VALUES ('3798aa48-4219-40e1-9e68-8a3858facb47', 'f0fecc7e-52a2-4d81-bd13-634162887d8e', 'e27c18b1-b4cc-40bd-85bb-3a8b12160867', '2024-06-17T14:57:37.000', 2, 12.40);
INSERT INTO `Bookings` (`Id`, `UserId`, `TicketId`, `BoughtAt`, `Amount`, `Price`) VALUES ('3881685c-83ae-43e5-9861-f0ca9ea4cbfd', 'deaa0da3-1b91-40f0-96a3-244009ff4911', '2ee2a2a9-f858-4115-9b82-1871cb292123', '2024-06-10T12:16:52.000', 4, 21.00);
INSERT INTO `Bookings` (`Id`, `UserId`, `TicketId`, `BoughtAt`, `Amount`, `Price`) VALUES ('39654f13-ff59-4f22-986c-bbfae794660c', '1b1cf956-f9cd-4a8e-8933-e08fe0c02a4a', '2ee2a2a9-f858-4115-9b82-1871cb292123', '2024-06-09T05:22:40.000', 3, 24.00);
INSERT INTO `Bookings` (`Id`, `UserId`, `TicketId`, `BoughtAt`, `Amount`, `Price`) VALUES ('39718c34-4b74-4641-a60a-f2849cdf9f33', 'f98f269b-415f-4fa1-bd42-cfbc3a7833c0', '7a7811dc-d972-4262-9b6f-9fcf3aed3bbd', '2024-06-10T10:21:45.000', 2, 5.00);
INSERT INTO `Bookings` (`Id`, `UserId`, `TicketId`, `BoughtAt`, `Amount`, `Price`) VALUES ('3b0e6108-f430-4158-bf67-f979b406166e', '7cd42cce-8299-4a91-bad4-d9e06d05162b', 'cfed656c-af8a-4075-9d18-f3c0101bdc8f', '2024-06-18T22:13:55.000', 1, 30.00);
INSERT INTO `Bookings` (`Id`, `UserId`, `TicketId`, `BoughtAt`, `Amount`, `Price`) VALUES ('3e371bbe-e835-4f8f-9f1a-2255e65f00d1', 'b3cc1465-ffd0-4359-b63c-9a6b301f8a30', '40f7940e-ee39-43af-ad3f-dd420f7152b1', '2024-06-02T14:48:06.000', 1, 8.00);
INSERT INTO `Bookings` (`Id`, `UserId`, `TicketId`, `BoughtAt`, `Amount`, `Price`) VALUES ('3e9f0bd5-9b62-4f4b-966a-f4e1214b9978', '0930716f-6f29-4204-8011-d2937ae35816', '40f7940e-ee39-43af-ad3f-dd420f7152b1', '2024-06-14T19:02:38.000', 2, 11.00);
INSERT INTO `Bookings` (`Id`, `UserId`, `TicketId`, `BoughtAt`, `Amount`, `Price`) VALUES ('40a9ce16-561f-4367-81bd-09c1d6cfaedf', 'cbce9583-b6ac-4515-9adc-bf56b0b45d68', 'bd9c3cb8-4120-4f69-b976-caef61042479', '2024-06-18T01:17:44.000', 1, 22.00);
INSERT INTO `Bookings` (`Id`, `UserId`, `TicketId`, `BoughtAt`, `Amount`, `Price`) VALUES ('41488d3f-dc81-40bc-86ca-c6c4dcc53b18', '2f967d99-31af-4876-bc90-b9494f333243', '9438f561-5c5d-4c65-b007-012234674429', '2024-05-22T23:49:25.000', 2, 7.00);
INSERT INTO `Bookings` (`Id`, `UserId`, `TicketId`, `BoughtAt`, `Amount`, `Price`) VALUES ('428661fd-5444-4ea2-af94-799c6690007b', '2f967d99-31af-4876-bc90-b9494f333243', '604dcff1-907d-4225-a789-484ae20007f6', '2024-06-07T09:28:01.000', 4, 30.00);
INSERT INTO `Bookings` (`Id`, `UserId`, `TicketId`, `BoughtAt`, `Amount`, `Price`) VALUES ('4386e9e8-7a70-4c7a-b22e-3c949be42f44', '846acf18-a4ed-4018-a4cb-3474556b7f48', '604dcff1-907d-4225-a789-484ae20007f6', '2024-06-15T02:13:04.000', 2, 34.00);
INSERT INTO `Bookings` (`Id`, `UserId`, `TicketId`, `BoughtAt`, `Amount`, `Price`) VALUES ('438a330e-be59-4591-a868-c134a7a86b16', 'ebd3c096-768f-4f5f-a266-362d137c2f3c', 'a6ab68aa-6892-4ef3-8e58-3244c4070ca1', '2024-06-19T06:51:59.000', 5, 26.00);
INSERT INTO `Bookings` (`Id`, `UserId`, `TicketId`, `BoughtAt`, `Amount`, `Price`) VALUES ('450f225d-5c61-4f31-8f21-3e717bf2d2fc', '5b338250-1c03-4f0b-9a44-c6173386d464', '40f7940e-ee39-43af-ad3f-dd420f7152b1', '2024-06-20T13:32:00.000', 1, 9.00);
INSERT INTO `Bookings` (`Id`, `UserId`, `TicketId`, `BoughtAt`, `Amount`, `Price`) VALUES ('45bc6872-eb45-46b9-9696-5bbf00099fe7', '588241cf-f4ac-4588-84b5-123de82ddf70', '7a7811dc-d972-4262-9b6f-9fcf3aed3bbd', '2024-06-23T15:24:40.000', 5, 5.00);
INSERT INTO `Bookings` (`Id`, `UserId`, `TicketId`, `BoughtAt`, `Amount`, `Price`) VALUES ('48407ec4-8fbb-47d0-8807-24df082a7685', '7cd42cce-8299-4a91-bad4-d9e06d05162b', '3f974482-113a-4f7d-ac55-20debb7e243a', '2024-06-04T20:28:39.000', 2, 10.00);
INSERT INTO `Bookings` (`Id`, `UserId`, `TicketId`, `BoughtAt`, `Amount`, `Price`) VALUES ('4b0f5bfc-b515-49b9-9872-0b858b615bed', '6b8b66f7-f052-4a30-b5c7-5724ec9e436e', 'bda7a1ea-4ff6-43ec-8108-7f16289cf674', '2024-06-08T07:48:28.000', 1, 16.00);
INSERT INTO `Bookings` (`Id`, `UserId`, `TicketId`, `BoughtAt`, `Amount`, `Price`) VALUES ('4d6069ab-c8e5-43e3-acda-e640a526ce80', '588241cf-f4ac-4588-84b5-123de82ddf70', 'e458a04d-36de-4fa4-a467-185b5fd591f9', '2024-06-03T21:12:10.000', 3, 5.00);
INSERT INTO `Bookings` (`Id`, `UserId`, `TicketId`, `BoughtAt`, `Amount`, `Price`) VALUES ('4db56970-8da2-4760-a1b5-f042f95d55a4', '1b1cf956-f9cd-4a8e-8933-e08fe0c02a4a', '05ccd9bc-3277-4bf5-a12b-3ae69dcfddd6', '2024-06-09T03:18:28.000', 4, 4.00);
INSERT INTO `Bookings` (`Id`, `UserId`, `TicketId`, `BoughtAt`, `Amount`, `Price`) VALUES ('4f4b9616-8083-450c-b169-291d1047f11a', 'c307a017-2869-45ce-b96d-1b9408749a7d', 'bde4b0cb-a8e9-4188-ada4-77a5ed3d2171', '2024-06-10T15:34:35.000', 2, 39.00);
INSERT INTO `Bookings` (`Id`, `UserId`, `TicketId`, `BoughtAt`, `Amount`, `Price`) VALUES ('4fcbcf11-6e78-4d9b-b8f8-ed26ac698d8f', 'ec235996-8ab2-482b-90a6-cfdbed1fa743', '7a7811dc-d972-4262-9b6f-9fcf3aed3bbd', '2024-06-14T07:53:44.000', 4, 5.00);
INSERT INTO `Bookings` (`Id`, `UserId`, `TicketId`, `BoughtAt`, `Amount`, `Price`) VALUES ('50ddb5ea-0224-4b7a-8f4a-1936429f05e8', '58936899-36e5-4d29-b205-1ad49555be43', 'dbfee46d-3fb3-4ce8-be0b-af1e63055500', '2024-06-16T02:46:36.000', 3, 4.00);
INSERT INTO `Bookings` (`Id`, `UserId`, `TicketId`, `BoughtAt`, `Amount`, `Price`) VALUES ('52e6c383-498b-4c0d-af92-07453d708bf8', 'c307a017-2869-45ce-b96d-1b9408749a7d', '2776b653-7736-4d5a-a617-900b828c5b7e', '2024-06-10T05:36:09.000', 4, 20.00);
INSERT INTO `Bookings` (`Id`, `UserId`, `TicketId`, `BoughtAt`, `Amount`, `Price`) VALUES ('532d98ee-05cc-43ad-9499-7b028df58531', 'f6060817-795f-4db5-a21f-0d20f645abcf', 'cec46876-74c5-4280-87e9-258c37c1101b', '2024-06-08T22:30:07.000', 3, 18.00);
INSERT INTO `Bookings` (`Id`, `UserId`, `TicketId`, `BoughtAt`, `Amount`, `Price`) VALUES ('5734564f-3958-4756-b0ed-5ea3b5ef5b87', 'f0fecc7e-52a2-4d81-bd13-634162887d8e', 'cc32ff1c-476f-46e4-95dd-e00c89673693', '2024-06-10T09:15:51.000', 5, 24.00);
INSERT INTO `Bookings` (`Id`, `UserId`, `TicketId`, `BoughtAt`, `Amount`, `Price`) VALUES ('57e8fbdc-2851-41c7-8cfb-70e8315fd7ae', 'f73b3879-3c9d-46c3-8408-e5ff929cc584', '957ab587-f297-4b2f-b31d-e70ccef1f029', '2024-06-05T18:42:33.000', 3, 10.00);
INSERT INTO `Bookings` (`Id`, `UserId`, `TicketId`, `BoughtAt`, `Amount`, `Price`) VALUES ('5a3f8b65-2e1f-432f-ae50-773ca53c95e9', '5a387f72-3065-4ab2-a7bc-db416cc1344a', 'f3db4ecd-1da1-45a3-968d-f8406a320540', '2024-06-22T17:34:36.000', 5, 45.00);
INSERT INTO `Bookings` (`Id`, `UserId`, `TicketId`, `BoughtAt`, `Amount`, `Price`) VALUES ('5b56f1b5-8ab6-45d1-a540-feed478466e6', 'f0fecc7e-52a2-4d81-bd13-634162887d8e', '0b52c2f9-4c35-4cc5-9b12-a4b4bf8b23ba', '2024-06-18T04:07:14.000', 2, 26.00);
INSERT INTO `Bookings` (`Id`, `UserId`, `TicketId`, `BoughtAt`, `Amount`, `Price`) VALUES ('5ce08a87-ca3c-4d45-9380-a4c9784999b1', 'f73b3879-3c9d-46c3-8408-e5ff929cc584', 'bd9c3cb8-4120-4f69-b976-caef61042479', '2024-06-18T06:53:04.000', 4, 22.00);
INSERT INTO `Bookings` (`Id`, `UserId`, `TicketId`, `BoughtAt`, `Amount`, `Price`) VALUES ('5e7ea338-e9a2-45c5-ab83-6dc24954af8a', 'b73d3fb7-ae78-4e05-8e25-f858686a20f0', '6af99deb-e72b-4954-b545-26146a0d4d48', '2024-06-15T08:43:49.000', 1, 21.20);
INSERT INTO `Bookings` (`Id`, `UserId`, `TicketId`, `BoughtAt`, `Amount`, `Price`) VALUES ('5f3ad8e5-0557-435f-8cd0-396d616dd898', 'cbce9583-b6ac-4515-9adc-bf56b0b45d68', '7a7811dc-d972-4262-9b6f-9fcf3aed3bbd', '2024-06-21T00:06:39.000', 5, 5.00);
INSERT INTO `Bookings` (`Id`, `UserId`, `TicketId`, `BoughtAt`, `Amount`, `Price`) VALUES ('5f4900e0-79c9-43d5-ac4d-bb921a42e9cf', '81f5082c-7e5e-4e10-82a6-6cf9b28d4fa9', '7fc3602d-d94d-45da-bdce-5c204c0f1bb9', '2024-06-09T12:55:14.000', 1, 8.00);
INSERT INTO `Bookings` (`Id`, `UserId`, `TicketId`, `BoughtAt`, `Amount`, `Price`) VALUES ('5f4f60c2-a6e2-42be-a56e-b07c633a9af9', 'f73b3879-3c9d-46c3-8408-e5ff929cc584', 'bde4b0cb-a8e9-4188-ada4-77a5ed3d2171', '2024-06-12T16:13:41.000', 5, 33.00);
INSERT INTO `Bookings` (`Id`, `UserId`, `TicketId`, `BoughtAt`, `Amount`, `Price`) VALUES ('601cd010-58f3-4650-9f33-f0ae830a9646', '846acf18-a4ed-4018-a4cb-3474556b7f48', '7a7811dc-d972-4262-9b6f-9fcf3aed3bbd', '2024-06-19T12:11:26.000', 3, 4.00);
INSERT INTO `Bookings` (`Id`, `UserId`, `TicketId`, `BoughtAt`, `Amount`, `Price`) VALUES ('60ce3411-d23c-4784-9601-848ea0569d4b', '931c44e9-74ae-4d7a-ac8e-44e3f5632fa5', 'b5f7a7c7-8049-4221-8a03-a1c1eea075a2', '2024-06-02T07:22:46.000', 2, 10.00);
INSERT INTO `Bookings` (`Id`, `UserId`, `TicketId`, `BoughtAt`, `Amount`, `Price`) VALUES ('6173ebf9-23b9-494b-b34a-55936a8608cb', '931c44e9-74ae-4d7a-ac8e-44e3f5632fa5', 'a10b5995-0f31-43e7-9160-4f98f9eb2a1b', '2024-06-14T13:11:33.000', 4, 5.00);
INSERT INTO `Bookings` (`Id`, `UserId`, `TicketId`, `BoughtAt`, `Amount`, `Price`) VALUES ('629c3c4a-1d36-4341-ba78-d9e1e532da72', 'b73d3fb7-ae78-4e05-8e25-f858686a20f0', '9438f561-5c5d-4c65-b007-012234674429', '2024-05-25T08:09:31.000', 1, 9.40);
INSERT INTO `Bookings` (`Id`, `UserId`, `TicketId`, `BoughtAt`, `Amount`, `Price`) VALUES ('63b283e8-aeef-4b2e-b10f-fa8142db2a95', '29222ae8-0ad5-4329-b3e6-ba573c2406e1', 'a10b5995-0f31-43e7-9160-4f98f9eb2a1b', '2024-06-12T07:32:11.000', 3, 5.00);
INSERT INTO `Bookings` (`Id`, `UserId`, `TicketId`, `BoughtAt`, `Amount`, `Price`) VALUES ('663cf5b9-d21d-45a1-8171-463788249814', 'cbce9583-b6ac-4515-9adc-bf56b0b45d68', 'a10b5995-0f31-43e7-9160-4f98f9eb2a1b', '2024-06-17T09:21:28.000', 4, 5.00);
INSERT INTO `Bookings` (`Id`, `UserId`, `TicketId`, `BoughtAt`, `Amount`, `Price`) VALUES ('66587568-d84b-4581-b9f0-34ca3290338e', 'c307a017-2869-45ce-b96d-1b9408749a7d', '2ee2a2a9-f858-4115-9b82-1871cb292123', '2024-06-05T12:59:34.000', 3, 20.00);
INSERT INTO `Bookings` (`Id`, `UserId`, `TicketId`, `BoughtAt`, `Amount`, `Price`) VALUES ('6727e4b7-1861-4946-816f-eb6c32d87e26', '6b8b66f7-f052-4a30-b5c7-5724ec9e436e', 'b4b26f06-1db2-4fac-9475-c1b33150b85f', '2024-06-15T14:37:52.000', 3, 11.00);
INSERT INTO `Bookings` (`Id`, `UserId`, `TicketId`, `BoughtAt`, `Amount`, `Price`) VALUES ('674bae88-f3a7-44bc-be17-50b4f61d9074', 'f0260522-3594-4fe4-938a-6905e1d0c569', '7fc3602d-d94d-45da-bdce-5c204c0f1bb9', '2024-06-23T07:48:22.000', 1, 11.00);
INSERT INTO `Bookings` (`Id`, `UserId`, `TicketId`, `BoughtAt`, `Amount`, `Price`) VALUES ('679dd165-85f5-41b8-a0cb-45561f27604d', 'f6060817-795f-4db5-a21f-0d20f645abcf', '05ccd9bc-3277-4bf5-a12b-3ae69dcfddd6', '2024-06-11T07:50:11.000', 5, 5.00);
INSERT INTO `Bookings` (`Id`, `UserId`, `TicketId`, `BoughtAt`, `Amount`, `Price`) VALUES ('68198244-4926-4362-a604-0d6b9df83780', '1b1cf956-f9cd-4a8e-8933-e08fe0c02a4a', '9438f561-5c5d-4c65-b007-012234674429', '2024-05-22T08:44:37.000', 5, 8.60);
INSERT INTO `Bookings` (`Id`, `UserId`, `TicketId`, `BoughtAt`, `Amount`, `Price`) VALUES ('6b794b2c-a863-4674-a733-c7aeb806e735', '81f5082c-7e5e-4e10-82a6-6cf9b28d4fa9', '68ba1c88-72f2-4656-81cb-e34747859288', '2024-06-04T16:53:30.000', 2, 11.00);
INSERT INTO `Bookings` (`Id`, `UserId`, `TicketId`, `BoughtAt`, `Amount`, `Price`) VALUES ('6c8d009a-4cc8-444d-8b2d-5d244f8fb2d6', '6b8b66f7-f052-4a30-b5c7-5724ec9e436e', 'e458a04d-36de-4fa4-a467-185b5fd591f9', '2024-06-16T09:47:39.000', 3, 5.00);
INSERT INTO `Bookings` (`Id`, `UserId`, `TicketId`, `BoughtAt`, `Amount`, `Price`) VALUES ('6e80903b-6b32-4b0f-a256-6cb29b359483', 'cbce9583-b6ac-4515-9adc-bf56b0b45d68', '40f7940e-ee39-43af-ad3f-dd420f7152b1', '2024-06-10T11:29:03.000', 4, 9.00);
INSERT INTO `Bookings` (`Id`, `UserId`, `TicketId`, `BoughtAt`, `Amount`, `Price`) VALUES ('71aa9301-df6a-401b-a55f-9529faf06a9b', 'e57bf220-4895-4e1a-8020-b399540fe77c', 'dbfee46d-3fb3-4ce8-be0b-af1e63055500', '2024-06-14T15:43:56.000', 2, 4.00);
INSERT INTO `Bookings` (`Id`, `UserId`, `TicketId`, `BoughtAt`, `Amount`, `Price`) VALUES ('72a96a84-6b83-4d5d-b66b-026bb9de30b4', 'ec235996-8ab2-482b-90a6-cfdbed1fa743', '9438f561-5c5d-4c65-b007-012234674429', '2024-06-10T05:51:44.000', 3, 7.40);
INSERT INTO `Bookings` (`Id`, `UserId`, `TicketId`, `BoughtAt`, `Amount`, `Price`) VALUES ('74c5c76c-cb1e-43c0-9f29-efd670323652', '58936899-36e5-4d29-b205-1ad49555be43', 'b4b26f06-1db2-4fac-9475-c1b33150b85f', '2024-06-14T15:11:19.000', 2, 8.00);
INSERT INTO `Bookings` (`Id`, `UserId`, `TicketId`, `BoughtAt`, `Amount`, `Price`) VALUES ('75fa2eba-5d93-48d7-a2d0-d9f59f99f675', '931c44e9-74ae-4d7a-ac8e-44e3f5632fa5', 'cec46876-74c5-4280-87e9-258c37c1101b', '2024-06-11T15:19:03.000', 1, 21.00);
INSERT INTO `Bookings` (`Id`, `UserId`, `TicketId`, `BoughtAt`, `Amount`, `Price`) VALUES ('7bf999d7-7d31-4b56-bb39-cb0b09a6983a', '628e13d8-2d02-4db0-9fb3-ff6d35dd9a98', '957ab587-f297-4b2f-b31d-e70ccef1f029', '2024-06-11T10:25:57.000', 5, 9.00);
INSERT INTO `Bookings` (`Id`, `UserId`, `TicketId`, `BoughtAt`, `Amount`, `Price`) VALUES ('7da37b05-50a4-45bc-bd28-93635cbbf110', 'a94dc054-c74a-4932-9da4-a5f87dc9b32c', 'b4b26f06-1db2-4fac-9475-c1b33150b85f', '2024-06-02T11:11:12.000', 3, 8.00);
INSERT INTO `Bookings` (`Id`, `UserId`, `TicketId`, `BoughtAt`, `Amount`, `Price`) VALUES ('7dc65bd2-c68b-4fc5-af15-54a72383ae1c', 'aa1099cf-e2a9-4a4d-9cb3-49a273e79a28', 'cfed656c-af8a-4075-9d18-f3c0101bdc8f', '2024-06-15T20:15:57.000', 1, 25.00);
INSERT INTO `Bookings` (`Id`, `UserId`, `TicketId`, `BoughtAt`, `Amount`, `Price`) VALUES ('7f89d796-c04d-4ec7-b512-ffa996c5d271', '6103f253-00cb-4689-b6f9-06e89986b80c', '3f974482-113a-4f7d-ac55-20debb7e243a', '2024-06-16T15:19:58.000', 1, 8.00);
INSERT INTO `Bookings` (`Id`, `UserId`, `TicketId`, `BoughtAt`, `Amount`, `Price`) VALUES ('8157100d-0d3e-436b-8482-a7070832d760', 'b73d3fb7-ae78-4e05-8e25-f858686a20f0', '71948edf-c933-4400-aa67-fd4aff8ef8c8', '2024-06-16T00:36:50.000', 4, 19.00);
INSERT INTO `Bookings` (`Id`, `UserId`, `TicketId`, `BoughtAt`, `Amount`, `Price`) VALUES ('83c2b382-84a8-4f2d-aee0-b5155949528e', '588241cf-f4ac-4588-84b5-123de82ddf70', 'b4b26f06-1db2-4fac-9475-c1b33150b85f', '2024-06-09T09:31:26.000', 2, 9.00);
INSERT INTO `Bookings` (`Id`, `UserId`, `TicketId`, `BoughtAt`, `Amount`, `Price`) VALUES ('847a78e5-2a89-4716-9c34-d7e18cb67775', 'aa1099cf-e2a9-4a4d-9cb3-49a273e79a28', 'bde4b0cb-a8e9-4188-ada4-77a5ed3d2171', '2024-06-20T21:20:13.000', 1, 37.00);
INSERT INTO `Bookings` (`Id`, `UserId`, `TicketId`, `BoughtAt`, `Amount`, `Price`) VALUES ('84df2864-5193-4fbe-9078-9844b7157979', 'ab720bc9-fb40-4289-9777-b591b6d62465', '2ee2a2a9-f858-4115-9b82-1871cb292123', '2024-05-30T13:05:40.000', 3, 28.00);
INSERT INTO `Bookings` (`Id`, `UserId`, `TicketId`, `BoughtAt`, `Amount`, `Price`) VALUES ('853ba458-3e10-4374-9b4f-17a1c53a07d5', 'ab720bc9-fb40-4289-9777-b591b6d62465', '05ccd9bc-3277-4bf5-a12b-3ae69dcfddd6', '2024-06-22T13:51:53.000', 1, 4.00);
INSERT INTO `Bookings` (`Id`, `UserId`, `TicketId`, `BoughtAt`, `Amount`, `Price`) VALUES ('860df68f-fdd8-4a47-aa6d-f47b9bdbb6d0', 'cbce9583-b6ac-4515-9adc-bf56b0b45d68', 'a8ece459-b6c5-419f-ac2b-34bf58841dd3', '2024-06-13T05:33:28.000', 2, 55.00);
INSERT INTO `Bookings` (`Id`, `UserId`, `TicketId`, `BoughtAt`, `Amount`, `Price`) VALUES ('87b60af3-1a53-4980-b8d8-ed7727d8e5f4', 'c307a017-2869-45ce-b96d-1b9408749a7d', '2ab09783-c7d6-4712-9f20-a6a9f16e47db', '2024-06-18T16:18:31.000', 2, 11.00);
INSERT INTO `Bookings` (`Id`, `UserId`, `TicketId`, `BoughtAt`, `Amount`, `Price`) VALUES ('87cd1704-7758-40c7-8ccd-3381d6373dbd', '5a387f72-3065-4ab2-a7bc-db416cc1344a', 'bda7a1ea-4ff6-43ec-8108-7f16289cf674', '2024-06-18T09:20:47.000', 5, 21.00);
INSERT INTO `Bookings` (`Id`, `UserId`, `TicketId`, `BoughtAt`, `Amount`, `Price`) VALUES ('88ca1d42-873e-4ad9-baa1-3bdfcc1e3ac5', 'b73d3fb7-ae78-4e05-8e25-f858686a20f0', 'bd9c3cb8-4120-4f69-b976-caef61042479', '2024-06-19T21:20:42.000', 3, 22.00);
INSERT INTO `Bookings` (`Id`, `UserId`, `TicketId`, `BoughtAt`, `Amount`, `Price`) VALUES ('890380fb-b1e3-461c-bd1f-e78427be710f', '3d093955-f9b0-4351-a52c-2945031a9879', 'b400353a-b0dd-4b84-bfd9-cdd345575234', '2024-06-23T02:38:35.000', 3, 10.00);
INSERT INTO `Bookings` (`Id`, `UserId`, `TicketId`, `BoughtAt`, `Amount`, `Price`) VALUES ('890e2ce5-f5dd-46cf-bf50-25de16e3f038', 'b3cc1465-ffd0-4359-b63c-9a6b301f8a30', 'a6ab68aa-6892-4ef3-8e58-3244c4070ca1', '2024-06-07T14:36:12.000', 4, 24.00);
INSERT INTO `Bookings` (`Id`, `UserId`, `TicketId`, `BoughtAt`, `Amount`, `Price`) VALUES ('8c315328-4be1-43b2-b69c-743d42e9cc3e', 'f0fecc7e-52a2-4d81-bd13-634162887d8e', '68ba1c88-72f2-4656-81cb-e34747859288', '2024-06-01T19:36:44.000', 2, 9.00);
INSERT INTO `Bookings` (`Id`, `UserId`, `TicketId`, `BoughtAt`, `Amount`, `Price`) VALUES ('8cea884f-20da-471e-ac47-a9ae60a903b4', '5b338250-1c03-4f0b-9a44-c6173386d464', '6af99deb-e72b-4954-b545-26146a0d4d48', '2024-06-12T03:00:50.000', 1, 15.20);
INSERT INTO `Bookings` (`Id`, `UserId`, `TicketId`, `BoughtAt`, `Amount`, `Price`) VALUES ('8dd3596a-36bd-4644-b740-f4334b161914', '3d093955-f9b0-4351-a52c-2945031a9879', 'cfed656c-af8a-4075-9d18-f3c0101bdc8f', '2024-06-15T21:17:15.000', 1, 34.00);
INSERT INTO `Bookings` (`Id`, `UserId`, `TicketId`, `BoughtAt`, `Amount`, `Price`) VALUES ('8e1248ca-ccd7-4f97-aaa3-c845f41de897', 'f98f269b-415f-4fa1-bd42-cfbc3a7833c0', 'cec46876-74c5-4280-87e9-258c37c1101b', '2024-06-17T20:21:27.000', 5, 23.00);
INSERT INTO `Bookings` (`Id`, `UserId`, `TicketId`, `BoughtAt`, `Amount`, `Price`) VALUES ('8fa357ec-efa7-4c21-99ab-4cf1be7c8645', 'f6060817-795f-4db5-a21f-0d20f645abcf', '71948edf-c933-4400-aa67-fd4aff8ef8c8', '2024-06-17T03:35:20.000', 1, 23.00);
INSERT INTO `Bookings` (`Id`, `UserId`, `TicketId`, `BoughtAt`, `Amount`, `Price`) VALUES ('8fc6fbca-ecb5-4d4e-bfb1-953c8dd0bb5e', 'e7fadc5d-9614-4810-95ab-b567ed111974', '21b1593e-e89b-4181-81da-6076810604ed', '2024-06-07T22:26:13.000', 5, 10.00);
INSERT INTO `Bookings` (`Id`, `UserId`, `TicketId`, `BoughtAt`, `Amount`, `Price`) VALUES ('8ff1650f-df6b-425f-b490-0067637ad2ce', '5b338250-1c03-4f0b-9a44-c6173386d464', 'dbfee46d-3fb3-4ce8-be0b-af1e63055500', '2024-06-14T09:44:57.000', 1, 5.00);
INSERT INTO `Bookings` (`Id`, `UserId`, `TicketId`, `BoughtAt`, `Amount`, `Price`) VALUES ('91046ad7-ef9b-4f3d-925e-c53265d27a59', '81f5082c-7e5e-4e10-82a6-6cf9b28d4fa9', '40f7940e-ee39-43af-ad3f-dd420f7152b1', '2024-06-02T06:32:32.000', 1, 10.00);
INSERT INTO `Bookings` (`Id`, `UserId`, `TicketId`, `BoughtAt`, `Amount`, `Price`) VALUES ('91e9bf52-20dd-46c0-a1aa-f32c8d0dc134', '02915e15-80b2-402e-a7a2-7676bfc15160', '7a7811dc-d972-4262-9b6f-9fcf3aed3bbd', '2024-06-04T01:01:30.000', 1, 4.00);
INSERT INTO `Bookings` (`Id`, `UserId`, `TicketId`, `BoughtAt`, `Amount`, `Price`) VALUES ('92aca5a8-9731-4d79-9078-0cf18932d4e7', 'f6060817-795f-4db5-a21f-0d20f645abcf', 'e458a04d-36de-4fa4-a467-185b5fd591f9', '2024-06-08T16:43:26.000', 1, 4.00);
INSERT INTO `Bookings` (`Id`, `UserId`, `TicketId`, `BoughtAt`, `Amount`, `Price`) VALUES ('92c201ce-9b6f-4617-adb0-512507f1b926', '5b338250-1c03-4f0b-9a44-c6173386d464', 'a10b5995-0f31-43e7-9160-4f98f9eb2a1b', '2024-06-08T09:40:21.000', 3, 4.00);
INSERT INTO `Bookings` (`Id`, `UserId`, `TicketId`, `BoughtAt`, `Amount`, `Price`) VALUES ('955c56ce-3c30-40cc-b260-6cbe526cbeb2', '7cd42cce-8299-4a91-bad4-d9e06d05162b', '604dcff1-907d-4225-a789-484ae20007f6', '2024-06-10T08:27:53.000', 2, 39.00);
INSERT INTO `Bookings` (`Id`, `UserId`, `TicketId`, `BoughtAt`, `Amount`, `Price`) VALUES ('95c09918-ed54-49d2-89f7-0ae7e41ae61a', 'ebd3c096-768f-4f5f-a266-362d137c2f3c', 'b400353a-b0dd-4b84-bfd9-cdd345575234', '2024-06-04T00:15:13.000', 2, 9.00);
INSERT INTO `Bookings` (`Id`, `UserId`, `TicketId`, `BoughtAt`, `Amount`, `Price`) VALUES ('95fc412a-cd06-4c12-8204-47fced5439fd', 'b3cc1465-ffd0-4359-b63c-9a6b301f8a30', 'e458a04d-36de-4fa4-a467-185b5fd591f9', '2024-06-01T10:11:48.000', 2, 4.00);
INSERT INTO `Bookings` (`Id`, `UserId`, `TicketId`, `BoughtAt`, `Amount`, `Price`) VALUES ('96959b79-b484-437b-8b82-5db72d3a31bb', 'aa1099cf-e2a9-4a4d-9cb3-49a273e79a28', '3f974482-113a-4f7d-ac55-20debb7e243a', '2024-06-10T02:08:36.000', 3, 10.00);
INSERT INTO `Bookings` (`Id`, `UserId`, `TicketId`, `BoughtAt`, `Amount`, `Price`) VALUES ('96e7c96e-e430-4bfa-acd5-0f7a32c760bc', 'b73d3fb7-ae78-4e05-8e25-f858686a20f0', '40f7940e-ee39-43af-ad3f-dd420f7152b1', '2024-06-20T01:12:03.000', 2, 8.00);
INSERT INTO `Bookings` (`Id`, `UserId`, `TicketId`, `BoughtAt`, `Amount`, `Price`) VALUES ('970df8dc-6286-4a6e-bacb-ea519944f2d3', 'deaa0da3-1b91-40f0-96a3-244009ff4911', '6af99deb-e72b-4954-b545-26146a0d4d48', '2024-06-10T03:21:13.000', 2, 18.40);
INSERT INTO `Bookings` (`Id`, `UserId`, `TicketId`, `BoughtAt`, `Amount`, `Price`) VALUES ('971b8edf-8fa0-43f3-95db-75064001aa76', '6103f253-00cb-4689-b6f9-06e89986b80c', '6d6e3900-f5ea-4989-9c52-898c37849c90', '2024-06-01T09:10:33.000', 3, 19.00);
INSERT INTO `Bookings` (`Id`, `UserId`, `TicketId`, `BoughtAt`, `Amount`, `Price`) VALUES ('9c5454ff-a4a2-4d19-910b-98ece4893b27', '588241cf-f4ac-4588-84b5-123de82ddf70', '7a7811dc-d972-4262-9b6f-9fcf3aed3bbd', '2024-06-06T11:13:07.000', 3, 5.00);
INSERT INTO `Bookings` (`Id`, `UserId`, `TicketId`, `BoughtAt`, `Amount`, `Price`) VALUES ('9caa218e-2d16-43a5-a7bb-84240aa88907', '931c44e9-74ae-4d7a-ac8e-44e3f5632fa5', '21b1593e-e89b-4181-81da-6076810604ed', '2024-06-14T04:15:27.000', 4, 10.00);
INSERT INTO `Bookings` (`Id`, `UserId`, `TicketId`, `BoughtAt`, `Amount`, `Price`) VALUES ('9eb151d0-69bf-40e9-a1b7-1062b970f6e7', 'e0c9443c-8829-4aa1-b5e1-171123a107b5', '1bdf5fcc-a53d-4688-aac8-78c4b033dd50', '2024-06-03T19:22:59.000', 1, 16.80);
INSERT INTO `Bookings` (`Id`, `UserId`, `TicketId`, `BoughtAt`, `Amount`, `Price`) VALUES ('9f9db84a-1052-4867-ba77-4c04ea16fa19', '9d3d39c0-eb54-427d-87c1-dbd7ad1029d3', '9ea79925-986b-4185-87b2-5d8ab83ee976', '2024-06-21T18:11:48.000', 2, 17.00);
INSERT INTO `Bookings` (`Id`, `UserId`, `TicketId`, `BoughtAt`, `Amount`, `Price`) VALUES ('a23f50c8-bfe3-4669-88d4-1be2a7c029ed', 'b73d3fb7-ae78-4e05-8e25-f858686a20f0', '9438f561-5c5d-4c65-b007-012234674429', '2024-06-17T02:31:49.000', 5, 7.60);
INSERT INTO `Bookings` (`Id`, `UserId`, `TicketId`, `BoughtAt`, `Amount`, `Price`) VALUES ('a60225eb-0c8b-4570-9bd6-46059122a4fe', 'e0c9443c-8829-4aa1-b5e1-171123a107b5', 'b4b26f06-1db2-4fac-9475-c1b33150b85f', '2024-06-23T13:12:44.000', 2, 11.00);
INSERT INTO `Bookings` (`Id`, `UserId`, `TicketId`, `BoughtAt`, `Amount`, `Price`) VALUES ('a69ce8ca-ad6f-4450-8b83-a923efcb3014', '0930716f-6f29-4204-8011-d2937ae35816', '957ab587-f297-4b2f-b31d-e70ccef1f029', '2024-06-02T10:48:54.000', 4, 11.00);
INSERT INTO `Bookings` (`Id`, `UserId`, `TicketId`, `BoughtAt`, `Amount`, `Price`) VALUES ('a6bc789a-9d73-4c72-9490-2fd07c992069', 'c56bd92b-9489-459a-8b55-fb3d7676e50d', '2776b653-7736-4d5a-a617-900b828c5b7e', '2024-06-10T18:16:53.000', 1, 22.00);
INSERT INTO `Bookings` (`Id`, `UserId`, `TicketId`, `BoughtAt`, `Amount`, `Price`) VALUES ('a84e9dd8-4c51-45a9-a00a-0b97fd00fdcd', '02915e15-80b2-402e-a7a2-7676bfc15160', '9cf9e6cc-4ada-4d92-82a9-4daa41b8c04a', '2024-06-19T17:04:21.000', 1, 21.00);
INSERT INTO `Bookings` (`Id`, `UserId`, `TicketId`, `BoughtAt`, `Amount`, `Price`) VALUES ('a8c20c88-319a-40b3-9c24-a2fb8c99ed72', 'f98f269b-415f-4fa1-bd42-cfbc3a7833c0', 'cfed656c-af8a-4075-9d18-f3c0101bdc8f', '2024-06-16T05:09:59.000', 1, 27.00);
INSERT INTO `Bookings` (`Id`, `UserId`, `TicketId`, `BoughtAt`, `Amount`, `Price`) VALUES ('a9bb1988-9b92-4a58-8ea3-153206e21a92', '531aeb8c-5dac-49ba-a6bd-d23ac7de14d4', 'b4b26f06-1db2-4fac-9475-c1b33150b85f', '2024-06-13T05:24:03.000', 4, 8.00);
INSERT INTO `Bookings` (`Id`, `UserId`, `TicketId`, `BoughtAt`, `Amount`, `Price`) VALUES ('ab8922db-f7b2-49be-94e2-af875474a408', 'ec235996-8ab2-482b-90a6-cfdbed1fa743', 'dbfee46d-3fb3-4ce8-be0b-af1e63055500', '2024-06-01T23:00:46.000', 5, 5.00);
INSERT INTO `Bookings` (`Id`, `UserId`, `TicketId`, `BoughtAt`, `Amount`, `Price`) VALUES ('abfd243a-b5aa-4ebe-9239-12986198129d', '588241cf-f4ac-4588-84b5-123de82ddf70', '40f7940e-ee39-43af-ad3f-dd420f7152b1', '2024-06-18T00:53:52.000', 3, 9.00);
INSERT INTO `Bookings` (`Id`, `UserId`, `TicketId`, `BoughtAt`, `Amount`, `Price`) VALUES ('ac19fd51-437a-4ef3-b577-6382c38e3ee5', 'b73d3fb7-ae78-4e05-8e25-f858686a20f0', '2ab09783-c7d6-4712-9f20-a6a9f16e47db', '2024-06-23T23:08:28.000', 3, 10.00);
INSERT INTO `Bookings` (`Id`, `UserId`, `TicketId`, `BoughtAt`, `Amount`, `Price`) VALUES ('ad15d13b-dbe5-47d4-b910-c168799ff523', 'e57bf220-4895-4e1a-8020-b399540fe77c', 'cec46876-74c5-4280-87e9-258c37c1101b', '2024-06-05T02:56:50.000', 1, 17.00);
INSERT INTO `Bookings` (`Id`, `UserId`, `TicketId`, `BoughtAt`, `Amount`, `Price`) VALUES ('b12e7e83-b909-450a-b5c9-bdc23662b541', '29222ae8-0ad5-4329-b3e6-ba573c2406e1', '366e220b-4e8e-4d91-980b-5de4c77e1a61', '2024-06-16T22:19:50.000', 5, 26.00);
INSERT INTO `Bookings` (`Id`, `UserId`, `TicketId`, `BoughtAt`, `Amount`, `Price`) VALUES ('b2f947dc-23b0-432d-bfb7-f7a0b6ca9168', 'dcf6822e-3994-4938-9042-3e687389af0a', '6af99deb-e72b-4954-b545-26146a0d4d48', '2024-06-16T01:31:57.000', 1, 18.40);
INSERT INTO `Bookings` (`Id`, `UserId`, `TicketId`, `BoughtAt`, `Amount`, `Price`) VALUES ('b4b25f37-97f1-4e08-be94-257ab71e3df5', 'b73d3fb7-ae78-4e05-8e25-f858686a20f0', 'e458a04d-36de-4fa4-a467-185b5fd591f9', '2024-06-17T13:46:18.000', 5, 4.00);
INSERT INTO `Bookings` (`Id`, `UserId`, `TicketId`, `BoughtAt`, `Amount`, `Price`) VALUES ('b9507248-eb73-450c-8b57-5225aa0d16ba', 'e57bf220-4895-4e1a-8020-b399540fe77c', '71948edf-c933-4400-aa67-fd4aff8ef8c8', '2024-06-11T15:02:40.000', 5, 17.00);
INSERT INTO `Bookings` (`Id`, `UserId`, `TicketId`, `BoughtAt`, `Amount`, `Price`) VALUES ('bb0c3667-d167-4fbd-b7e6-66ea1ebd1b15', 'deaa0da3-1b91-40f0-96a3-244009ff4911', '21b1593e-e89b-4181-81da-6076810604ed', '2024-06-19T20:17:33.000', 1, 11.00);
INSERT INTO `Bookings` (`Id`, `UserId`, `TicketId`, `BoughtAt`, `Amount`, `Price`) VALUES ('bc3455a1-1d24-4c91-88be-d895a7b3e950', '6103f253-00cb-4689-b6f9-06e89986b80c', '3f974482-113a-4f7d-ac55-20debb7e243a', '2024-06-23T13:59:14.000', 4, 8.00);
INSERT INTO `Bookings` (`Id`, `UserId`, `TicketId`, `BoughtAt`, `Amount`, `Price`) VALUES ('bc3cd930-a6d5-495b-9590-07093d183182', '628e13d8-2d02-4db0-9fb3-ff6d35dd9a98', '0b52c2f9-4c35-4cc5-9b12-a4b4bf8b23ba', '2024-05-27T20:45:04.000', 1, 28.00);
INSERT INTO `Bookings` (`Id`, `UserId`, `TicketId`, `BoughtAt`, `Amount`, `Price`) VALUES ('bd296a85-7a3b-48ac-8be3-70051d81319c', '0930716f-6f29-4204-8011-d2937ae35816', '2ab09783-c7d6-4712-9f20-a6a9f16e47db', '2024-06-15T03:06:52.000', 5, 8.00);
INSERT INTO `Bookings` (`Id`, `UserId`, `TicketId`, `BoughtAt`, `Amount`, `Price`) VALUES ('bf315d1c-d084-4154-a42a-340915a31db0', '1b1cf956-f9cd-4a8e-8933-e08fe0c02a4a', '2ee2a2a9-f858-4115-9b82-1871cb292123', '2024-06-18T23:30:16.000', 2, 25.00);
INSERT INTO `Bookings` (`Id`, `UserId`, `TicketId`, `BoughtAt`, `Amount`, `Price`) VALUES ('c02a4b36-92d8-47b4-9895-830717592817', 'aa1099cf-e2a9-4a4d-9cb3-49a273e79a28', '1bdf5fcc-a53d-4688-aac8-78c4b033dd50', '2024-05-31T11:10:36.000', 1, 17.60);
INSERT INTO `Bookings` (`Id`, `UserId`, `TicketId`, `BoughtAt`, `Amount`, `Price`) VALUES ('c0389eb3-db74-4275-8230-11b7b1ecb0ac', 'dcf6822e-3994-4938-9042-3e687389af0a', '5de0c908-a780-414e-9a94-0303759459ad', '2024-06-15T13:02:46.000', 5, 18.20);
INSERT INTO `Bookings` (`Id`, `UserId`, `TicketId`, `BoughtAt`, `Amount`, `Price`) VALUES ('c1cb0c52-286f-49c8-9c0e-7dbec3793902', '246dc489-3a18-4105-a8ce-0e5688e5c0c4', 'e458a04d-36de-4fa4-a467-185b5fd591f9', '2024-06-09T16:07:28.000', 1, 5.00);
INSERT INTO `Bookings` (`Id`, `UserId`, `TicketId`, `BoughtAt`, `Amount`, `Price`) VALUES ('c34e009e-1acc-4fee-ad47-49be69281535', 'f98f269b-415f-4fa1-bd42-cfbc3a7833c0', 'bda7a1ea-4ff6-43ec-8108-7f16289cf674', '2024-06-12T03:21:35.000', 1, 21.00);
INSERT INTO `Bookings` (`Id`, `UserId`, `TicketId`, `BoughtAt`, `Amount`, `Price`) VALUES ('c35afffa-816c-4854-a5b0-9ba2ec23342c', '6b8b66f7-f052-4a30-b5c7-5724ec9e436e', '6af99deb-e72b-4954-b545-26146a0d4d48', '2024-06-22T12:19:03.000', 4, 21.40);
INSERT INTO `Bookings` (`Id`, `UserId`, `TicketId`, `BoughtAt`, `Amount`, `Price`) VALUES ('c70402e7-8f15-4737-bc26-3cc8e0cd3c91', '0930716f-6f29-4204-8011-d2937ae35816', '71948edf-c933-4400-aa67-fd4aff8ef8c8', '2024-06-16T04:29:33.000', 5, 21.00);
INSERT INTO `Bookings` (`Id`, `UserId`, `TicketId`, `BoughtAt`, `Amount`, `Price`) VALUES ('c73c16bd-809b-4d5a-a573-1a41d8c9490a', 'b3cc1465-ffd0-4359-b63c-9a6b301f8a30', '05ccd9bc-3277-4bf5-a12b-3ae69dcfddd6', '2024-06-09T06:43:14.000', 5, 4.00);
INSERT INTO `Bookings` (`Id`, `UserId`, `TicketId`, `BoughtAt`, `Amount`, `Price`) VALUES ('c7e62312-d76d-488c-b517-3826ce00e7b6', '53b26d3c-5b42-4789-8a86-085a2a1492e4', 'b5f7a7c7-8049-4221-8a03-a1c1eea075a2', '2024-06-14T16:30:04.000', 3, 10.00);
INSERT INTO `Bookings` (`Id`, `UserId`, `TicketId`, `BoughtAt`, `Amount`, `Price`) VALUES ('c991a878-d9c9-4bfd-b027-4bcb2c2f731c', '53b26d3c-5b42-4789-8a86-085a2a1492e4', '9cf9e6cc-4ada-4d92-82a9-4daa41b8c04a', '2024-06-13T13:04:18.000', 3, 22.00);
INSERT INTO `Bookings` (`Id`, `UserId`, `TicketId`, `BoughtAt`, `Amount`, `Price`) VALUES ('cab122d9-9621-4084-aa93-9f7ecbd87aff', '53b26d3c-5b42-4789-8a86-085a2a1492e4', '0b52c2f9-4c35-4cc5-9b12-a4b4bf8b23ba', '2024-06-06T02:08:30.000', 4, 30.00);
INSERT INTO `Bookings` (`Id`, `UserId`, `TicketId`, `BoughtAt`, `Amount`, `Price`) VALUES ('cb042e35-fbd6-4ed6-ae66-7cfe22a68e7e', 'e57bf220-4895-4e1a-8020-b399540fe77c', 'a10b5995-0f31-43e7-9160-4f98f9eb2a1b', '2024-06-15T03:37:21.000', 5, 4.00);
INSERT INTO `Bookings` (`Id`, `UserId`, `TicketId`, `BoughtAt`, `Amount`, `Price`) VALUES ('cc85f7a1-b1f8-40bd-a786-cae5877907ea', 'db24d946-5a89-41fb-b666-cff6ea85fede', 'b4b26f06-1db2-4fac-9475-c1b33150b85f', '2024-06-11T15:15:59.000', 1, 10.00);
INSERT INTO `Bookings` (`Id`, `UserId`, `TicketId`, `BoughtAt`, `Amount`, `Price`) VALUES ('cd2bbd4b-e572-4e46-8793-fe2e1efde2e4', '6b8b66f7-f052-4a30-b5c7-5724ec9e436e', 'dbfee46d-3fb3-4ce8-be0b-af1e63055500', '2024-06-11T06:10:49.000', 3, 4.00);
INSERT INTO `Bookings` (`Id`, `UserId`, `TicketId`, `BoughtAt`, `Amount`, `Price`) VALUES ('cd353cf4-5598-4358-8d3c-ab6d047982f5', 'c307a017-2869-45ce-b96d-1b9408749a7d', '40f7940e-ee39-43af-ad3f-dd420f7152b1', '2024-06-04T07:02:24.000', 1, 8.00);
INSERT INTO `Bookings` (`Id`, `UserId`, `TicketId`, `BoughtAt`, `Amount`, `Price`) VALUES ('ced2c051-b8e1-45c6-9bce-13040aee87fa', '02915e15-80b2-402e-a7a2-7676bfc15160', 'a10b5995-0f31-43e7-9160-4f98f9eb2a1b', '2024-06-13T15:19:21.000', 2, 5.00);
INSERT INTO `Bookings` (`Id`, `UserId`, `TicketId`, `BoughtAt`, `Amount`, `Price`) VALUES ('ced69a9f-843b-4ce1-8499-f7db0fbe77d5', '53b26d3c-5b42-4789-8a86-085a2a1492e4', '7a7811dc-d972-4262-9b6f-9fcf3aed3bbd', '2024-06-05T13:18:03.000', 5, 4.00);
INSERT INTO `Bookings` (`Id`, `UserId`, `TicketId`, `BoughtAt`, `Amount`, `Price`) VALUES ('cf5da268-b106-44a7-ab5c-bf66a52e7903', 'f0260522-3594-4fe4-938a-6905e1d0c569', '2ab09783-c7d6-4712-9f20-a6a9f16e47db', '2024-06-18T07:12:07.000', 4, 9.00);
INSERT INTO `Bookings` (`Id`, `UserId`, `TicketId`, `BoughtAt`, `Amount`, `Price`) VALUES ('cfd6e965-2d7e-443c-a59b-9a838b34dd64', '7bebacdc-81c5-4437-b3c9-ba19441b4bfd', 'e458a04d-36de-4fa4-a467-185b5fd591f9', '2024-05-31T20:29:35.000', 2, 4.00);
INSERT INTO `Bookings` (`Id`, `UserId`, `TicketId`, `BoughtAt`, `Amount`, `Price`) VALUES ('d1ec5b1b-89d1-43a9-a51a-cb78c963f6f1', 'c56bd92b-9489-459a-8b55-fb3d7676e50d', '7fc3602d-d94d-45da-bdce-5c204c0f1bb9', '2024-06-14T01:31:21.000', 2, 10.00);
INSERT INTO `Bookings` (`Id`, `UserId`, `TicketId`, `BoughtAt`, `Amount`, `Price`) VALUES ('d2d6f3a7-7c65-480b-875c-72fcfe1e2092', '0e932504-3f0b-484c-98ce-9db57e96ac69', 'e458a04d-36de-4fa4-a467-185b5fd591f9', '2024-06-07T11:02:27.000', 2, 4.00);
INSERT INTO `Bookings` (`Id`, `UserId`, `TicketId`, `BoughtAt`, `Amount`, `Price`) VALUES ('d2e0a19f-7203-483c-a492-c3aa4c3478a5', 'f6060817-795f-4db5-a21f-0d20f645abcf', '7a7811dc-d972-4262-9b6f-9fcf3aed3bbd', '2024-06-09T12:14:22.000', 4, 5.00);
INSERT INTO `Bookings` (`Id`, `UserId`, `TicketId`, `BoughtAt`, `Amount`, `Price`) VALUES ('d344de22-72a4-47ac-b41a-ddb8ede662d6', '846acf18-a4ed-4018-a4cb-3474556b7f48', '68ba1c88-72f2-4656-81cb-e34747859288', '2024-06-02T00:44:13.000', 1, 11.00);
INSERT INTO `Bookings` (`Id`, `UserId`, `TicketId`, `BoughtAt`, `Amount`, `Price`) VALUES ('d6c28553-5a4f-4aff-9265-407a021cd742', '246dc489-3a18-4105-a8ce-0e5688e5c0c4', 'cfed656c-af8a-4075-9d18-f3c0101bdc8f', '2024-06-08T12:15:33.000', 5, 27.00);
INSERT INTO `Bookings` (`Id`, `UserId`, `TicketId`, `BoughtAt`, `Amount`, `Price`) VALUES ('d903010f-a5da-4cc4-bbc2-926eaed8064b', '628e13d8-2d02-4db0-9fb3-ff6d35dd9a98', 'd7c4f61a-70a5-495a-9a80-097b3020ec81', '2024-06-12T11:12:50.000', 5, 18.60);
INSERT INTO `Bookings` (`Id`, `UserId`, `TicketId`, `BoughtAt`, `Amount`, `Price`) VALUES ('dabc3084-6ea6-4481-adc3-fd838c792cc0', 'f0260522-3594-4fe4-938a-6905e1d0c569', 'dbfee46d-3fb3-4ce8-be0b-af1e63055500', '2024-06-08T02:06:32.000', 4, 4.00);
INSERT INTO `Bookings` (`Id`, `UserId`, `TicketId`, `BoughtAt`, `Amount`, `Price`) VALUES ('dc2b5e25-712f-4240-adf7-f0846bcc60d9', 'c5991285-abac-4ad2-83f1-0f0a21c3a19a', 'd7c4f61a-70a5-495a-9a80-097b3020ec81', '2024-06-21T23:34:06.000', 2, 15.40);
INSERT INTO `Bookings` (`Id`, `UserId`, `TicketId`, `BoughtAt`, `Amount`, `Price`) VALUES ('dcbc8376-a1e3-49bf-9adc-ec264ed0dfc3', 'ec235996-8ab2-482b-90a6-cfdbed1fa743', '6af99deb-e72b-4954-b545-26146a0d4d48', '2024-06-03T18:33:25.000', 1, 17.60);
INSERT INTO `Bookings` (`Id`, `UserId`, `TicketId`, `BoughtAt`, `Amount`, `Price`) VALUES ('ddc650b4-08a6-4ffa-8666-c2f7283cb586', '02915e15-80b2-402e-a7a2-7676bfc15160', '40f7940e-ee39-43af-ad3f-dd420f7152b1', '2024-06-06T10:25:36.000', 2, 10.00);
INSERT INTO `Bookings` (`Id`, `UserId`, `TicketId`, `BoughtAt`, `Amount`, `Price`) VALUES ('ddea2f8b-d9d4-4dc3-b844-da47ef968086', 'e57bf220-4895-4e1a-8020-b399540fe77c', '2776b653-7736-4d5a-a617-900b828c5b7e', '2024-06-12T19:55:47.000', 5, 20.00);
INSERT INTO `Bookings` (`Id`, `UserId`, `TicketId`, `BoughtAt`, `Amount`, `Price`) VALUES ('e05ced49-4920-4ddb-a1fe-3e1dc6a8c2f5', '0930716f-6f29-4204-8011-d2937ae35816', '68ba1c88-72f2-4656-81cb-e34747859288', '2024-05-30T05:02:43.000', 2, 11.00);
INSERT INTO `Bookings` (`Id`, `UserId`, `TicketId`, `BoughtAt`, `Amount`, `Price`) VALUES ('e09a273a-c047-4d46-9f02-14edc47964f5', 'ca0bf290-5168-4390-b90f-cd2ec2a6ac8a', 'bd9c3cb8-4120-4f69-b976-caef61042479', '2024-06-20T21:45:21.000', 5, 23.00);
INSERT INTO `Bookings` (`Id`, `UserId`, `TicketId`, `BoughtAt`, `Amount`, `Price`) VALUES ('e09b73cd-2b86-44ae-9e92-5dbd6b8e1bdf', 'a94dc054-c74a-4932-9da4-a5f87dc9b32c', '40f7940e-ee39-43af-ad3f-dd420f7152b1', '2024-06-12T08:19:29.000', 3, 9.00);
INSERT INTO `Bookings` (`Id`, `UserId`, `TicketId`, `BoughtAt`, `Amount`, `Price`) VALUES ('e13b36f5-0e43-4247-a803-86c158952f79', 'a94dc054-c74a-4932-9da4-a5f87dc9b32c', '2776b653-7736-4d5a-a617-900b828c5b7e', '2024-06-07T04:23:31.000', 5, 21.00);
INSERT INTO `Bookings` (`Id`, `UserId`, `TicketId`, `BoughtAt`, `Amount`, `Price`) VALUES ('e4b0bc22-1d92-40a0-addb-d74e8ea20419', 'f6060817-795f-4db5-a21f-0d20f645abcf', '957ab587-f297-4b2f-b31d-e70ccef1f029', '2024-06-16T03:20:37.000', 2, 9.00);
INSERT INTO `Bookings` (`Id`, `UserId`, `TicketId`, `BoughtAt`, `Amount`, `Price`) VALUES ('e50b188d-074f-46f3-b87c-9069d2b6520e', 'deaa0da3-1b91-40f0-96a3-244009ff4911', 'dbfee46d-3fb3-4ce8-be0b-af1e63055500', '2024-06-10T15:12:43.000', 1, 4.00);
INSERT INTO `Bookings` (`Id`, `UserId`, `TicketId`, `BoughtAt`, `Amount`, `Price`) VALUES ('e6247c1d-b173-40df-af2e-c5e5274eec59', 'b3cc1465-ffd0-4359-b63c-9a6b301f8a30', '1bdf5fcc-a53d-4688-aac8-78c4b033dd50', '2024-06-02T05:18:15.000', 5, 14.80);
INSERT INTO `Bookings` (`Id`, `UserId`, `TicketId`, `BoughtAt`, `Amount`, `Price`) VALUES ('e6d275bb-7280-4b71-9269-019321f9e038', 'ec235996-8ab2-482b-90a6-cfdbed1fa743', '2ee2a2a9-f858-4115-9b82-1871cb292123', '2024-06-14T20:48:57.000', 4, 27.00);
INSERT INTO `Bookings` (`Id`, `UserId`, `TicketId`, `BoughtAt`, `Amount`, `Price`) VALUES ('e7c1612b-44bf-4863-ad09-df263e5cdc4e', 'f0260522-3594-4fe4-938a-6905e1d0c569', '957ab587-f297-4b2f-b31d-e70ccef1f029', '2024-06-02T07:35:30.000', 4, 10.00);
INSERT INTO `Bookings` (`Id`, `UserId`, `TicketId`, `BoughtAt`, `Amount`, `Price`) VALUES ('e826b175-c61d-4093-ac07-67148c17521d', '931c44e9-74ae-4d7a-ac8e-44e3f5632fa5', 'bda7a1ea-4ff6-43ec-8108-7f16289cf674', '2024-06-21T01:41:55.000', 3, 21.00);
INSERT INTO `Bookings` (`Id`, `UserId`, `TicketId`, `BoughtAt`, `Amount`, `Price`) VALUES ('e8b67570-5654-467b-88ba-22a12305b9fa', '6b8b66f7-f052-4a30-b5c7-5724ec9e436e', 'e27c18b1-b4cc-40bd-85bb-3a8b12160867', '2024-06-21T03:44:57.000', 4, 12.80);
INSERT INTO `Bookings` (`Id`, `UserId`, `TicketId`, `BoughtAt`, `Amount`, `Price`) VALUES ('ec2977f5-11b6-4343-af0e-0704d04ab882', '29222ae8-0ad5-4329-b3e6-ba573c2406e1', '455435bf-483a-493c-ac74-86eb94bb1634', '2024-06-16T13:42:26.000', 1, 27.00);
INSERT INTO `Bookings` (`Id`, `UserId`, `TicketId`, `BoughtAt`, `Amount`, `Price`) VALUES ('efb0fd97-ff6e-467b-85d8-f973e8920b52', '628e13d8-2d02-4db0-9fb3-ff6d35dd9a98', '5de0c908-a780-414e-9a94-0303759459ad', '2024-05-25T19:06:16.000', 4, 16.60);
INSERT INTO `Bookings` (`Id`, `UserId`, `TicketId`, `BoughtAt`, `Amount`, `Price`) VALUES ('f234b57b-9f6c-4f51-844f-16cab4be62ff', '7cd42cce-8299-4a91-bad4-d9e06d05162b', '1bdf5fcc-a53d-4688-aac8-78c4b033dd50', '2024-06-07T00:01:36.000', 3, 17.20);
INSERT INTO `Bookings` (`Id`, `UserId`, `TicketId`, `BoughtAt`, `Amount`, `Price`) VALUES ('f5f16ee6-7c70-4d39-b9c8-4eb86adbf099', '628e13d8-2d02-4db0-9fb3-ff6d35dd9a98', '216271a4-f5d7-4246-b7c2-163a5892f9e9', '2024-06-19T19:01:55.000', 5, 37.00);
INSERT INTO `Bookings` (`Id`, `UserId`, `TicketId`, `BoughtAt`, `Amount`, `Price`) VALUES ('f7f6e0cc-2dcb-467f-8d37-fa1baca2ce42', 'c56bd92b-9489-459a-8b55-fb3d7676e50d', '68ba1c88-72f2-4656-81cb-e34747859288', '2024-06-03T02:33:15.000', 1, 10.00);
INSERT INTO `Bookings` (`Id`, `UserId`, `TicketId`, `BoughtAt`, `Amount`, `Price`) VALUES ('f8dff155-1c6d-4c8a-99f3-0ab05f184005', '2f967d99-31af-4876-bc90-b9494f333243', '1406a838-1ec8-4bcf-b3e1-31b521d40277', '2024-06-08T13:38:48.000', 3, 10.00);
INSERT INTO `Bookings` (`Id`, `UserId`, `TicketId`, `BoughtAt`, `Amount`, `Price`) VALUES ('fa515aab-7e13-4b55-be55-ed22611ece67', '7cd42cce-8299-4a91-bad4-d9e06d05162b', 'b4b26f06-1db2-4fac-9475-c1b33150b85f', '2024-06-23T23:45:29.000', 3, 9.00);
INSERT INTO `Bookings` (`Id`, `UserId`, `TicketId`, `BoughtAt`, `Amount`, `Price`) VALUES ('fb079f4f-abf2-4dd1-bc63-3df5d3982e2a', 'aa1099cf-e2a9-4a4d-9cb3-49a273e79a28', '40f7940e-ee39-43af-ad3f-dd420f7152b1', '2024-06-11T05:37:22.000', 4, 9.00);
INSERT INTO `Bookings` (`Id`, `UserId`, `TicketId`, `BoughtAt`, `Amount`, `Price`) VALUES ('fbc1cfc4-53bd-4576-b4db-163e47ef6ce6', '246dc489-3a18-4105-a8ce-0e5688e5c0c4', '05ccd9bc-3277-4bf5-a12b-3ae69dcfddd6', '2024-06-15T07:07:58.000', 4, 5.00);
INSERT INTO `Bookings` (`Id`, `UserId`, `TicketId`, `BoughtAt`, `Amount`, `Price`) VALUES ('fdcc1982-cd87-4c0d-bb80-4738defdbd48', 'f0260522-3594-4fe4-938a-6905e1d0c569', '604dcff1-907d-4225-a789-484ae20007f6', '2024-06-07T10:45:24.000', 1, 30.00);
