CREATE TABLE `Events` (`event_id` int AUTO_INCREMENT NOT NULL, `name` varchar(50) NOT NULL, `location` varchar(50) NOT NULL, `start` datetime NOT NULL, `end` datetime NOT NULL, `price` decimal(18, 2) NOT NULL, PRIMARY KEY (`event_id`));
CREATE TABLE `Pictures` (`picture_id` int AUTO_INCREMENT NOT NULL, `event_id` int NOT NULL, `picture` nvarchar(50) NOT NULL, PRIMARY KEY (`picture_id`));
CREATE TABLE `ProgramPoints` (`program_point_id` int AUTO_INCREMENT NOT NULL, `event_id` int NOT NULL, `name` varchar(50) NOT NULL, `order` int NOT NULL, PRIMARY KEY (`program_point_id`));
CREATE TABLE `Tickets` (`ticket_nr` varchar(50) NOT NULL, `event_id` int NOT NULL, `user_id` int NOT NULL, `total_price` decimal(18, 2) NOT NULL, `persons` int NOT NULL, PRIMARY KEY (`ticket_nr`));
CREATE TABLE `Users` (`user_id` int AUTO_INCREMENT NOT NULL, `username` varchar(50) NOT NULL, `password` varchar(50) NOT NULL, PRIMARY KEY (`user_id`));
INSERT INTO `Events` (`event_id`, `name`, `location`, `start`, `end`, `price`) VALUES (1, 'Photography Walk', 'Seaside Pavilion', '2024-07-28T09:00:00.000', '2024-07-28T11:00:00.000', 15.00);
INSERT INTO `Events` (`event_id`, `name`, `location`, `start`, `end`, `price`) VALUES (2, 'Live Music Night', 'Seaside Pavilion', '2024-07-21T18:00:00.000', '2024-07-21T21:00:00.000', 10.00);
INSERT INTO `Events` (`event_id`, `name`, `location`, `start`, `end`, `price`) VALUES (3, 'Gardening Workshop', 'Lakeview Pavilion', '2024-07-26T12:00:00.000', '2024-07-26T14:00:00.000', 15.00);
INSERT INTO `Events` (`event_id`, `name`, `location`, `start`, `end`, `price`) VALUES (4, 'Dance Class: Salsa', 'Enchanted Gardens', '2024-08-03T17:00:00.000', '2024-08-03T18:30:00.000', 10.00);
INSERT INTO `Events` (`event_id`, `name`, `location`, `start`, `end`, `price`) VALUES (5, 'Trivia Night', 'Lakeside Pavilion', '2024-07-29T17:30:00.000', '2024-07-29T19:30:00.000', 5.00);
INSERT INTO `Events` (`event_id`, `name`, `location`, `start`, `end`, `price`) VALUES (6, 'Movie Screening: Classic Films', 'Rural Farmhouse', '2024-07-20T16:00:00.000', '2024-07-20T19:00:00.000', 8.00);
INSERT INTO `Events` (`event_id`, `name`, `location`, `start`, `end`, `price`) VALUES (7, 'Calligraphy Workshop', 'Town Hall Courtyard', '2024-07-23T09:00:00.000', '2024-07-23T11:30:00.000', 20.00);
INSERT INTO `Events` (`event_id`, `name`, `location`, `start`, `end`, `price`) VALUES (8, 'Fitness Bootcamp', 'Town Hall Courtyard', '2024-07-17T05:00:00.000', '2024-07-17T06:00:00.000', 15.00);
INSERT INTO `Events` (`event_id`, `name`, `location`, `start`, `end`, `price`) VALUES (9, 'Karaoke Night', 'Historic Manor House', '2024-07-18T18:30:00.000', '2024-07-18T21:30:00.000', 5.00);
INSERT INTO `Events` (`event_id`, `name`, `location`, `start`, `end`, `price`) VALUES (10, 'Chess Tournament', 'Enchanted Gardens', '2024-08-03T10:00:00.000', '2024-08-03T14:00:00.000', 10.00);
INSERT INTO `Events` (`event_id`, `name`, `location`, `start`, `end`, `price`) VALUES (11, 'Fashion Design Workshop', 'Forest Cabin Retreat', '2024-07-29T12:00:00.000', '2024-07-29T14:30:00.000', 25.00);
INSERT INTO `Events` (`event_id`, `name`, `location`, `start`, `end`, `price`) VALUES (12, 'Film Discussion: Independent Cinema', 'Lakeside Pavilion', '2024-07-18T16:30:00.000', '2024-07-18T18:00:00.000', 0.00);
ALTER TABLE `Events` AUTO_INCREMENT = 13;
INSERT INTO `Pictures` (`picture_id`, `event_id`, `picture`) VALUES (1, 1, 'AEC2022 - Skill09.png');
INSERT INTO `Pictures` (`picture_id`, `event_id`, `picture`) VALUES (2, 3, 'AEC2022 - Skill08.png');
INSERT INTO `Pictures` (`picture_id`, `event_id`, `picture`) VALUES (3, 5, 'AEC2022 - Skill08.png');
INSERT INTO `Pictures` (`picture_id`, `event_id`, `picture`) VALUES (4, 5, 'AEC2022 - Skill09.png');
INSERT INTO `Pictures` (`picture_id`, `event_id`, `picture`) VALUES (5, 6, 'AEC2022 - Skill09.png');
INSERT INTO `Pictures` (`picture_id`, `event_id`, `picture`) VALUES (6, 8, 'AEC2022 - Speedprogramming.png');
INSERT INTO `Pictures` (`picture_id`, `event_id`, `picture`) VALUES (7, 10, 'AEC2022 - Speedprogramming.png');
INSERT INTO `Pictures` (`picture_id`, `event_id`, `picture`) VALUES (8, 11, 'AEC2022 - Skill08.png');
INSERT INTO `Pictures` (`picture_id`, `event_id`, `picture`) VALUES (9, 12, 'AEC2022 - Speedprogramming.png');
ALTER TABLE `Pictures` AUTO_INCREMENT = 10;
INSERT INTO `ProgramPoints` (`program_point_id`, `event_id`, `name`, `order`) VALUES (1, 1, 'Photographer Alex Johnson', 0);
INSERT INTO `ProgramPoints` (`program_point_id`, `event_id`, `name`, `order`) VALUES (2, 2, 'Singer-songwriter Emily Smith', 0);
INSERT INTO `ProgramPoints` (`program_point_id`, `event_id`, `name`, `order`) VALUES (3, 2, 'Band: The Jazz Cats', 1);
INSERT INTO `ProgramPoints` (`program_point_id`, `event_id`, `name`, `order`) VALUES (4, 3, 'Gardening expert Mark Johnson', 0);
INSERT INTO `ProgramPoints` (`program_point_id`, `event_id`, `name`, `order`) VALUES (5, 4, 'Dance instructor Maria Gonzalez', 0);
INSERT INTO `ProgramPoints` (`program_point_id`, `event_id`, `name`, `order`) VALUES (6, 5, 'Quizmaster Steve', 0);
INSERT INTO `ProgramPoints` (`program_point_id`, `event_id`, `name`, `order`) VALUES (7, 6, 'Casablanca', 0);
INSERT INTO `ProgramPoints` (`program_point_id`, `event_id`, `name`, `order`) VALUES (8, 6, 'Gone with the Wind', 1);
INSERT INTO `ProgramPoints` (`program_point_id`, `event_id`, `name`, `order`) VALUES (9, 7, 'Calligraphy artist Lisa Chang', 0);
INSERT INTO `ProgramPoints` (`program_point_id`, `event_id`, `name`, `order`) VALUES (10, 8, 'Fitness coach Mike Anderson', 0);
INSERT INTO `ProgramPoints` (`program_point_id`, `event_id`, `name`, `order`) VALUES (11, 9, 'Karaoke DJ Kate', 0);
INSERT INTO `ProgramPoints` (`program_point_id`, `event_id`, `name`, `order`) VALUES (12, 10, 'Chess Club', 0);
INSERT INTO `ProgramPoints` (`program_point_id`, `event_id`, `name`, `order`) VALUES (13, 11, 'Fashion designer Anna Smith', 0);
INSERT INTO `ProgramPoints` (`program_point_id`, `event_id`, `name`, `order`) VALUES (14, 12, 'Film critic David Brown', 0);
ALTER TABLE `ProgramPoints` AUTO_INCREMENT = 15;
INSERT INTO `Tickets` (`ticket_nr`, `event_id`, `user_id`, `total_price`, `persons`) VALUES ('0308051919153551', 10, 1, 40.00, 4);
INSERT INTO `Tickets` (`ticket_nr`, `event_id`, `user_id`, `total_price`, `persons`) VALUES ('0609201405051163', 8, 2, 60.00, 4);
INSERT INTO `Users` (`user_id`, `username`, `password`) VALUES (1, 'j.doe@gmail.com', 'ABC123a!');
INSERT INTO `Users` (`user_id`, `username`, `password`) VALUES (2, 'k.omar@gmail.com', 'House4258+');
ALTER TABLE `Users` AUTO_INCREMENT = 3;
ALTER TABLE `Pictures` ADD FOREIGN KEY (`event_id`) REFERENCES `Events`(`event_id`);
ALTER TABLE `ProgramPoints` ADD FOREIGN KEY (`event_id`) REFERENCES `Events`(`event_id`);
ALTER TABLE `Tickets` ADD FOREIGN KEY (`event_id`) REFERENCES `Events`(`event_id`);
ALTER TABLE `Tickets` ADD FOREIGN KEY (`user_id`) REFERENCES `Users`(`user_id`);
