CREATE TABLE [Events] ([event_id] [int] IDENTITY(1,1) NOT NULL, [user_id] [int] NOT NULL, [location_id] [int] NOT NULL, [name] [varchar](50) NOT NULL, [start] [datetime] NOT NULL, [end] [datetime] NOT NULL, PRIMARY KEY ([event_id]));
CREATE TABLE [Locations] ([location_id] [int] IDENTITY(1,1) NOT NULL, [name] [nvarchar](50) NOT NULL, PRIMARY KEY ([location_id]));
CREATE TABLE [RequestedItems] ([requested_item_id] [int] IDENTITY(1,1) NOT NULL, [event_id] [int] NOT NULL, [name] [varchar](50) NOT NULL, [amount] [int] NOT NULL, PRIMARY KEY ([requested_item_id]));
CREATE TABLE [Users] ([user_id] [int] IDENTITY(1,1) NOT NULL, [username] [varchar](50) NOT NULL, [password_hash] [varchar](100) NOT NULL, PRIMARY KEY ([user_id]));
SET IDENTITY_INSERT [Events] ON;
INSERT INTO [Events] ([event_id], [user_id], [location_id], [name], [start], [end]) VALUES (1, 1, 7, 'Book Club Meeting', CAST('2024-07-17T16:30:00.000' AS [DateTime]), CAST('2024-07-17T18:30:00.000' AS [DateTime]));
INSERT INTO [Events] ([event_id], [user_id], [location_id], [name], [start], [end]) VALUES (2, 2, 1, 'Yoga in the Park', CAST('2024-07-17T07:00:00.000' AS [DateTime]), CAST('2024-07-17T08:30:00.000' AS [DateTime]));
INSERT INTO [Events] ([event_id], [user_id], [location_id], [name], [start], [end]) VALUES (3, 3, 5, 'Painting Workshop', CAST('2024-07-30T12:00:00.000' AS [DateTime]), CAST('2024-07-30T15:00:00.000' AS [DateTime]));
INSERT INTO [Events] ([event_id], [user_id], [location_id], [name], [start], [end]) VALUES (4, 1, 1, 'Photography Walk', CAST('2024-07-18T09:00:00.000' AS [DateTime]), CAST('2024-07-18T11:00:00.000' AS [DateTime]));
INSERT INTO [Events] ([event_id], [user_id], [location_id], [name], [start], [end]) VALUES (5, 2, 6, 'Dance Class: Salsa', CAST('2024-07-31T17:00:00.000' AS [DateTime]), CAST('2024-07-31T18:30:00.000' AS [DateTime]));
INSERT INTO [Events] ([event_id], [user_id], [location_id], [name], [start], [end]) VALUES (6, 3, 4, 'Trivia Night', CAST('2024-07-18T17:30:00.000' AS [DateTime]), CAST('2024-07-18T19:30:00.000' AS [DateTime]));
INSERT INTO [Events] ([event_id], [user_id], [location_id], [name], [start], [end]) VALUES (7, 1, 5, 'Craft Beer Tasting', CAST('2024-07-27T13:00:00.000' AS [DateTime]), CAST('2024-07-27T15:00:00.000' AS [DateTime]));
INSERT INTO [Events] ([event_id], [user_id], [location_id], [name], [start], [end]) VALUES (8, 2, 7, 'Outdoor Movie Night', CAST('2024-07-29T17:30:00.000' AS [DateTime]), CAST('2024-07-29T20:30:00.000' AS [DateTime]));
INSERT INTO [Events] ([event_id], [user_id], [location_id], [name], [start], [end]) VALUES (9, 3, 2, 'Fashion Design Workshop', CAST('2024-07-26T12:00:00.000' AS [DateTime]), CAST('2024-07-26T14:30:00.000' AS [DateTime]));
INSERT INTO [Events] ([event_id], [user_id], [location_id], [name], [start], [end]) VALUES (10, 1, 5, 'Meditation Session', CAST('2024-07-19T06:00:00.000' AS [DateTime]), CAST('2024-07-19T07:00:00.000' AS [DateTime]));
INSERT INTO [Events] ([event_id], [user_id], [location_id], [name], [start], [end]) VALUES (11, 2, 5, 'Cooking Demonstration: Vegan Recipes', CAST('2024-07-20T15:30:00.000' AS [DateTime]), CAST('2024-07-20T17:30:00.000' AS [DateTime]));
INSERT INTO [Events] ([event_id], [user_id], [location_id], [name], [start], [end]) VALUES (12, 3, 5, 'Art Exhibition Opening', CAST('2024-07-19T16:00:00.000' AS [DateTime]), CAST('2024-07-19T18:30:00.000' AS [DateTime]));
INSERT INTO [Events] ([event_id], [user_id], [location_id], [name], [start], [end]) VALUES (13, 1, 6, 'Language Exchange Meetup', CAST('2024-08-01T17:00:00.000' AS [DateTime]), CAST('2024-08-01T19:00:00.000' AS [DateTime]));
SET IDENTITY_INSERT [Events] OFF;
SET IDENTITY_INSERT [Locations] ON;
INSERT INTO [Locations] ([location_id], [name]) VALUES (1, 'Enchanted Gardens');
INSERT INTO [Locations] ([location_id], [name]) VALUES (2, 'Seaside Pavilion');
INSERT INTO [Locations] ([location_id], [name]) VALUES (3, 'Castle Courtyard');
INSERT INTO [Locations] ([location_id], [name]) VALUES (4, 'Forest Retreat Lodge');
INSERT INTO [Locations] ([location_id], [name]) VALUES (5, 'Vineyard Terrace');
INSERT INTO [Locations] ([location_id], [name]) VALUES (6, 'Lakeview Pavilion');
INSERT INTO [Locations] ([location_id], [name]) VALUES (7, 'Rural Farmhouse');
SET IDENTITY_INSERT [Locations] OFF;
SET IDENTITY_INSERT [RequestedItems] ON;
INSERT INTO [RequestedItems] ([requested_item_id], [event_id], [name], [amount]) VALUES (1, 1, 'Tables', 6);
INSERT INTO [RequestedItems] ([requested_item_id], [event_id], [name], [amount]) VALUES (2, 1, 'Centerpieces', 3);
INSERT INTO [RequestedItems] ([requested_item_id], [event_id], [name], [amount]) VALUES (3, 1, 'Speaker', 1);
INSERT INTO [RequestedItems] ([requested_item_id], [event_id], [name], [amount]) VALUES (4, 2, 'Chairs', 4);
INSERT INTO [RequestedItems] ([requested_item_id], [event_id], [name], [amount]) VALUES (5, 2, 'Tablecloths', 4);
INSERT INTO [RequestedItems] ([requested_item_id], [event_id], [name], [amount]) VALUES (6, 2, 'Microphones', 6);
INSERT INTO [RequestedItems] ([requested_item_id], [event_id], [name], [amount]) VALUES (7, 2, 'Lamps', 2);
INSERT INTO [RequestedItems] ([requested_item_id], [event_id], [name], [amount]) VALUES (8, 3, 'Tablecloth', 1);
INSERT INTO [RequestedItems] ([requested_item_id], [event_id], [name], [amount]) VALUES (9, 4, 'Speakers', 5);
INSERT INTO [RequestedItems] ([requested_item_id], [event_id], [name], [amount]) VALUES (10, 4, 'Microphones', 4);
INSERT INTO [RequestedItems] ([requested_item_id], [event_id], [name], [amount]) VALUES (11, 4, 'Screens', 6);
INSERT INTO [RequestedItems] ([requested_item_id], [event_id], [name], [amount]) VALUES (12, 4, 'Flowers', 5);
INSERT INTO [RequestedItems] ([requested_item_id], [event_id], [name], [amount]) VALUES (13, 5, 'Speakers', 2);
INSERT INTO [RequestedItems] ([requested_item_id], [event_id], [name], [amount]) VALUES (14, 5, 'Projectors', 2);
INSERT INTO [RequestedItems] ([requested_item_id], [event_id], [name], [amount]) VALUES (15, 5, 'Lamps', 5);
INSERT INTO [RequestedItems] ([requested_item_id], [event_id], [name], [amount]) VALUES (16, 5, 'Flowers', 4);
INSERT INTO [RequestedItems] ([requested_item_id], [event_id], [name], [amount]) VALUES (17, 6, 'Chairs', 4);
INSERT INTO [RequestedItems] ([requested_item_id], [event_id], [name], [amount]) VALUES (18, 6, 'Speakers', 6);
INSERT INTO [RequestedItems] ([requested_item_id], [event_id], [name], [amount]) VALUES (19, 6, 'Projectors', 4);
INSERT INTO [RequestedItems] ([requested_item_id], [event_id], [name], [amount]) VALUES (20, 6, 'Lamps', 6);
INSERT INTO [RequestedItems] ([requested_item_id], [event_id], [name], [amount]) VALUES (21, 6, 'Flowers', 4);
INSERT INTO [RequestedItems] ([requested_item_id], [event_id], [name], [amount]) VALUES (22, 6, 'Name Tags', 4);
INSERT INTO [RequestedItems] ([requested_item_id], [event_id], [name], [amount]) VALUES (23, 7, 'Chairs', 6);
INSERT INTO [RequestedItems] ([requested_item_id], [event_id], [name], [amount]) VALUES (24, 7, 'Tablecloth', 1);
INSERT INTO [RequestedItems] ([requested_item_id], [event_id], [name], [amount]) VALUES (25, 7, 'Centerpieces', 3);
INSERT INTO [RequestedItems] ([requested_item_id], [event_id], [name], [amount]) VALUES (26, 7, 'Speakers', 3);
INSERT INTO [RequestedItems] ([requested_item_id], [event_id], [name], [amount]) VALUES (27, 7, 'Lamps', 6);
INSERT INTO [RequestedItems] ([requested_item_id], [event_id], [name], [amount]) VALUES (28, 8, 'Tables', 3);
INSERT INTO [RequestedItems] ([requested_item_id], [event_id], [name], [amount]) VALUES (29, 8, 'Chairs', 4);
INSERT INTO [RequestedItems] ([requested_item_id], [event_id], [name], [amount]) VALUES (30, 8, 'Speakers', 2);
INSERT INTO [RequestedItems] ([requested_item_id], [event_id], [name], [amount]) VALUES (31, 8, 'Screens', 3);
INSERT INTO [RequestedItems] ([requested_item_id], [event_id], [name], [amount]) VALUES (32, 8, 'Name Tags', 6);
INSERT INTO [RequestedItems] ([requested_item_id], [event_id], [name], [amount]) VALUES (33, 9, 'Tables', 5);
INSERT INTO [RequestedItems] ([requested_item_id], [event_id], [name], [amount]) VALUES (34, 9, 'Speakers', 3);
INSERT INTO [RequestedItems] ([requested_item_id], [event_id], [name], [amount]) VALUES (35, 10, 'Tables', 4);
INSERT INTO [RequestedItems] ([requested_item_id], [event_id], [name], [amount]) VALUES (36, 10, 'Tablecloths', 4);
INSERT INTO [RequestedItems] ([requested_item_id], [event_id], [name], [amount]) VALUES (37, 10, 'Flowers', 5);
INSERT INTO [RequestedItems] ([requested_item_id], [event_id], [name], [amount]) VALUES (38, 10, 'Name Tags', 3);
INSERT INTO [RequestedItems] ([requested_item_id], [event_id], [name], [amount]) VALUES (39, 11, 'Tablecloths', 6);
INSERT INTO [RequestedItems] ([requested_item_id], [event_id], [name], [amount]) VALUES (40, 11, 'Centerpieces', 4);
INSERT INTO [RequestedItems] ([requested_item_id], [event_id], [name], [amount]) VALUES (41, 11, 'Microphones', 3);
INSERT INTO [RequestedItems] ([requested_item_id], [event_id], [name], [amount]) VALUES (42, 11, 'Projector', 1);
INSERT INTO [RequestedItems] ([requested_item_id], [event_id], [name], [amount]) VALUES (43, 11, 'Flowers', 6);
INSERT INTO [RequestedItems] ([requested_item_id], [event_id], [name], [amount]) VALUES (44, 11, 'Name Tags', 2);
INSERT INTO [RequestedItems] ([requested_item_id], [event_id], [name], [amount]) VALUES (45, 12, 'Tablecloth', 1);
INSERT INTO [RequestedItems] ([requested_item_id], [event_id], [name], [amount]) VALUES (46, 12, 'Screens', 6);
INSERT INTO [RequestedItems] ([requested_item_id], [event_id], [name], [amount]) VALUES (47, 13, 'Chairs', 4);
INSERT INTO [RequestedItems] ([requested_item_id], [event_id], [name], [amount]) VALUES (48, 13, 'Tablecloth', 1);
INSERT INTO [RequestedItems] ([requested_item_id], [event_id], [name], [amount]) VALUES (49, 13, 'Microphones', 3);
INSERT INTO [RequestedItems] ([requested_item_id], [event_id], [name], [amount]) VALUES (50, 13, 'Name Tag', 1);
SET IDENTITY_INSERT [RequestedItems] OFF;
SET IDENTITY_INSERT [Users] ON;
INSERT INTO [Users] ([user_id], [username], [password_hash]) VALUES (1, 'j.doe', 'htbwiosd52cY8JQe28pfW1JEGiAG0tQ7bMXmhlb/tILYraoFVtE=');
INSERT INTO [Users] ([user_id], [username], [password_hash]) VALUES (2, 'k.omar', 'trbrfjkehbkLrNHvz+pvMw+xfRD5s+KioTvXKdf6DSE0KHKVCYM=');
INSERT INTO [Users] ([user_id], [username], [password_hash]) VALUES (3, 'h.saeed', 'ocystfhnN4q+OYyKok8cFKqEgkCBbqrkYTihsd9CmPI5SgLECBw=');
SET IDENTITY_INSERT [Users] OFF;
ALTER TABLE [Events] ADD FOREIGN KEY ([location_id]) REFERENCES [Locations]([location_id]);
ALTER TABLE [Events] ADD FOREIGN KEY ([user_id]) REFERENCES [Users]([user_id]);
ALTER TABLE [RequestedItems] ADD FOREIGN KEY ([event_id]) REFERENCES [Events]([event_id]);
